target_date,event_ticker,market_ticker,strike_type,floor_strike,cap_strike,rules_source,rules_hash,kalshi_result,kalshi_expiration_value,settlement_value_dollars,nws_cli_max_f,nws_cli_issued_utc,nws_cli_wmo_header,nws_cli_basis,expected_from_kalshi_value,expected_from_nws_cli,match_kalshi_value,match_nws_cli,strikes_from_rules_text,explanation
2026-07-16,KXHIGHNY-26JUL16,KXHIGHNY-26JUL16-B89.5,between,89,90,nws_climatological_report_daily,f3d9901f3b3f6f1a,no,85.00,0.0000,85,2026-07-17T06:17:00+00:00,CDUS41 KOKX 170617,first final report with data,no,no,True,True,False,
2026-07-16,KXHIGHNY-26JUL16,KXHIGHNY-26JUL16-B91.5,between,91,92,nws_climatological_report_daily,dc7b033ecaf44a62,no,85.00,0.0000,85,2026-07-17T06:17:00+00:00,CDUS41 KOKX 170617,first final report with data,no,no,True,True,False,
2026-07-16,KXHIGHNY-26JUL16,KXHIGHNY-26JUL16-B93.5,between,93,94,nws_climatological_report_daily,c914b2a9316f8cd9,no,85.00,0.0000,85,2026-07-17T06:17:00+00:00,CDUS41 KOKX 170617,first final report with data,no,no,True,True,False,
2026-07-16,KXHIGHNY-26JUL16,KXHIGHNY-26JUL16-B95.5,between,95,96,nws_climatological_report_daily,7ded505c2def9d58,no,85.00,0.0000,85,2026-07-17T06:17:00+00:00,CDUS41 KOKX 170617,first final report with data,no,no,True,True,False,
2026-07-16,KXHIGHNY-26JUL16,KXHIGHNY-26JUL16-T89,less,,89,nws_climatological_report_daily,bb75fdfc910ece86,yes,85.00,1.0000,85,2026-07-17T06:17:00+00:00,CDUS41 KOKX 170617,first final report with data,yes,yes,True,True,False,
2026-07-16,KXHIGHNY-26JUL16,KXHIGHNY-26JUL16-T96,greater,96,,nws_climatological_report_daily,249da001b213cd69,no,85.00,0.0000,85,2026-07-17T06:17:00+00:00,CDUS41 KOKX 170617,first final report with data,no,no,True,True,False,
2026-07-17,KXHIGHNY-26JUL17,KXHIGHNY-26JUL17-B83.5,between,83,84,nws_climatological_report_daily,75ea33d12e6933e1,no,86.00,0.0000,86,2026-07-18T06:17:00+00:00,CDUS41 KOKX 180617,first final report with data,no,no,True,True,False,
2026-07-17,KXHIGHNY-26JUL17,KXHIGHNY-26JUL17-B85.5,between,85,86,nws_climatological_report_daily,8ae8c4f102dda3f7,yes,86.00,1.0000,86,2026-07-18T06:17:00+00:00,CDUS41 KOKX 180617,first final report with data,yes,yes,True,True,False,
2026-07-17,KXHIGHNY-26JUL17,KXHIGHNY-26JUL17-B87.5,between,87,88,nws_climatological_report_daily,227f61d3297ffc9b,no,86.00,0.0000,86,2026-07-18T06:17:00+00:00,CDUS41 KOKX 180617,first final report with data,no,no,True,True,False,
2026-07-17,KXHIGHNY-26JUL17,KXHIGHNY-26JUL17-B89.5,between,89,90,nws_climatological_report_daily,053fb387f91303f6,no,86.00,0.0000,86,2026-07-18T06:17:00+00:00,CDUS41 KOKX 180617,first final report with data,no,no,True,True,False,
2026-07-17,KXHIGHNY-26JUL17,KXHIGHNY-26JUL17-T83,less,,83,nws_climatological_report_daily,89f06f1d91bd7748,no,86.00,0.0000,86,2026-07-18T06:17:00+00:00,CDUS41 KOKX 180617,first final report with data,no,no,True,True,False,
2026-07-17,KXHIGHNY-26JUL17,KXHIGHNY-26JUL17-T90,greater,90,,nws_climatological_report_daily,81cba09c0806fd09,no,86.00,0.0000,86,2026-07-18T06:17:00+00:00,CDUS41 KOKX 180617,first final report with data,no,no,True,True,False,
2026-07-18,KXHIGHNY-26JUL18,KXHIGHNY-26JUL18-B79.5,between,79,80,nws_climatological_report_daily,97a21ed75b06b067,no,76.00,0.0000,76,2026-07-19T06:19:00+00:00,CDUS41 KOKX 190619,first final report with data,no,no,True,True,False,
2026-07-18,KXHIGHNY-26JUL18,KXHIGHNY-26JUL18-B81.5,between,81,82,nws_climatological_report_daily,77f7b29651ab10c5,no,76.00,0.0000,76,2026-07-19T06:19:00+00:00,CDUS41 KOKX 190619,first final report with data,no,no,True,True,False,
2026-07-18,KXHIGHNY-26JUL18,KXHIGHNY-26JUL18-B83.5,between,83,84,nws_climatological_report_daily,f581f496e3d55249,no,76.00,0.0000,76,2026-07-19T06:19:00+00:00,CDUS41 KOKX 190619,first final report with data,no,no,True,True,False,
2026-07-18,KXHIGHNY-26JUL18,KXHIGHNY-26JUL18-B85.5,between,85,86,nws_climatological_report_daily,d45c965d7d9b9373,no,76.00,0.0000,76,2026-07-19T06:19:00+00:00,CDUS41 KOKX 190619,first final report with data,no,no,True,True,False,
2026-07-18,KXHIGHNY-26JUL18,KXHIGHNY-26JUL18-T79,less,,79,nws_climatological_report_daily,c8fb079f7d32789c,yes,76.00,1.0000,76,2026-07-19T06:19:00+00:00,CDUS41 KOKX 190619,first final report with data,yes,yes,True,True,False,
2026-07-18,KXHIGHNY-26JUL18,KXHIGHNY-26JUL18-T86,greater,86,,nws_climatological_report_daily,d3a21f5a4198302b,no,76.00,0.0000,76,2026-07-19T06:19:00+00:00,CDUS41 KOKX 190619,first final report with data,no,no,True,True,False,
2026-07-19,KXHIGHNY-26JUL19,KXHIGHNY-26JUL19-B80.5,between,80,81,nws_climatological_report_daily,7d6d3a2431e68fdb,no,79.00,0.0000,79,2026-07-20T06:18:00+00:00,CDUS41 KOKX 200618,first final report with data,no,no,True,True,False,
2026-07-19,KXHIGHNY-26JUL19,KXHIGHNY-26JUL19-B82.5,between,82,83,nws_climatological_report_daily,321e275602ba7f49,no,79.00,0.0000,79,2026-07-20T06:18:00+00:00,CDUS41 KOKX 200618,first final report with data,no,no,True,True,False,
2026-07-19,KXHIGHNY-26JUL19,KXHIGHNY-26JUL19-B84.5,between,84,85,nws_climatological_report_daily,8e505fea1f189e5e,no,79.00,0.0000,79,2026-07-20T06:18:00+00:00,CDUS41 KOKX 200618,first final report with data,no,no,True,True,False,
2026-07-19,KXHIGHNY-26JUL19,KXHIGHNY-26JUL19-B86.5,between,86,87,nws_climatological_report_daily,ac510726fdc1158d,no,79.00,0.0000,79,2026-07-20T06:18:00+00:00,CDUS41 KOKX 200618,first final report with data,no,no,True,True,False,
2026-07-19,KXHIGHNY-26JUL19,KXHIGHNY-26JUL19-T80,less,,80,nws_climatological_report_daily,5381cbafe4790cba,yes,79.00,1.0000,79,2026-07-20T06:18:00+00:00,CDUS41 KOKX 200618,first final report with data,yes,yes,True,True,False,
2026-07-19,KXHIGHNY-26JUL19,KXHIGHNY-26JUL19-T87,greater,87,,nws_climatological_report_daily,793aa86eacf1f291,no,79.00,0.0000,79,2026-07-20T06:18:00+00:00,CDUS41 KOKX 200618,first final report with data,no,no,True,True,False,
2026-07-20,KXHIGHNY-26JUL20,KXHIGHNY-26JUL20-B77.5,between,77,78,nws_climatological_report_daily,ce22e472fd5ba7f0,no,81.00,0.0000,81,2026-07-21T06:20:00+00:00,CDUS41 KOKX 210620,first final report with data,no,no,True,True,False,
2026-07-20,KXHIGHNY-26JUL20,KXHIGHNY-26JUL20-B79.5,between,79,80,nws_climatological_report_daily,52fa71c21d786b95,no,81.00,0.0000,81,2026-07-21T06:20:00+00:00,CDUS41 KOKX 210620,first final report with data,no,no,True,True,False,
2026-07-20,KXHIGHNY-26JUL20,KXHIGHNY-26JUL20-B81.5,between,81,82,nws_climatological_report_daily,0d8f5d94ce5c8241,yes,81.00,1.0000,81,2026-07-21T06:20:00+00:00,CDUS41 KOKX 210620,first final report with data,yes,yes,True,True,False,
2026-07-20,KXHIGHNY-26JUL20,KXHIGHNY-26JUL20-B83.5,between,83,84,nws_climatological_report_daily,fc997ce793f24049,no,81.00,0.0000,81,2026-07-21T06:20:00+00:00,CDUS41 KOKX 210620,first final report with data,no,no,True,True,False,
2026-07-20,KXHIGHNY-26JUL20,KXHIGHNY-26JUL20-T77,less,,77,nws_climatological_report_daily,320c827fcffb8a07,no,81.00,0.0000,81,2026-07-21T06:20:00+00:00,CDUS41 KOKX 210620,first final report with data,no,no,True,True,False,
2026-07-20,KXHIGHNY-26JUL20,KXHIGHNY-26JUL20-T84,greater,84,,nws_climatological_report_daily,72d7afaac070a9a0,no,81.00,0.0000,81,2026-07-21T06:20:00+00:00,CDUS41 KOKX 210620,first final report with data,no,no,True,True,False,
2026-07-21,KXHIGHNY-26JUL21,KXHIGHNY-26JUL21-B79.5,between,79,80,nws_climatological_report_daily,b347fd8d02148b94,no,81.00,0.0000,81,2026-07-22T06:27:00+00:00,CDUS41 KOKX 220627,first final report with data,no,no,True,True,False,
2026-07-21,KXHIGHNY-26JUL21,KXHIGHNY-26JUL21-B81.5,between,81,82,nws_climatological_report_daily,e4cec0c3cb032e3c,yes,81.00,1.0000,81,2026-07-22T06:27:00+00:00,CDUS41 KOKX 220627,first final report with data,yes,yes,True,True,False,
2026-07-21,KXHIGHNY-26JUL21,KXHIGHNY-26JUL21-B83.5,between,83,84,nws_climatological_report_daily,0d241d8217568800,no,81.00,0.0000,81,2026-07-22T06:27:00+00:00,CDUS41 KOKX 220627,first final report with data,no,no,True,True,False,
2026-07-21,KXHIGHNY-26JUL21,KXHIGHNY-26JUL21-B85.5,between,85,86,nws_climatological_report_daily,5c64f4dd8a6a608e,no,81.00,0.0000,81,2026-07-22T06:27:00+00:00,CDUS41 KOKX 220627,first final report with data,no,no,True,True,False,
2026-07-21,KXHIGHNY-26JUL21,KXHIGHNY-26JUL21-T79,less,,79,nws_climatological_report_daily,b84487709bed0191,no,81.00,0.0000,81,2026-07-22T06:27:00+00:00,CDUS41 KOKX 220627,first final report with data,no,no,True,True,False,
2026-07-21,KXHIGHNY-26JUL21,KXHIGHNY-26JUL21-T86,greater,86,,nws_climatological_report_daily,26c3776f3e32c8f1,no,81.00,0.0000,81,2026-07-22T06:27:00+00:00,CDUS41 KOKX 220627,first final report with data,no,no,True,True,False,
2026-07-22,KXHIGHNY-26JUL22,KXHIGHNY-26JUL22-B84.5,between,84,85,nws_climatological_report_daily,e6573109cc660ff1,yes,85.00,1.0000,85,2026-07-23T06:19:00+00:00,CDUS41 KOKX 230619,first final report with data,yes,yes,True,True,False,
2026-07-22,KXHIGHNY-26JUL22,KXHIGHNY-26JUL22-B86.5,between,86,87,nws_climatological_report_daily,58c6fa9105fe4c29,no,85.00,0.0000,85,2026-07-23T06:19:00+00:00,CDUS41 KOKX 230619,first final report with data,no,no,True,True,False,
2026-07-22,KXHIGHNY-26JUL22,KXHIGHNY-26JUL22-B88.5,between,88,89,nws_climatological_report_daily,390b186d9a4b1513,no,85.00,0.0000,85,2026-07-23T06:19:00+00:00,CDUS41 KOKX 230619,first final report with data,no,no,True,True,False,
2026-07-22,KXHIGHNY-26JUL22,KXHIGHNY-26JUL22-B90.5,between,90,91,nws_climatological_report_daily,9c556dd5e1fc3335,no,85.00,0.0000,85,2026-07-23T06:19:00+00:00,CDUS41 KOKX 230619,first final report with data,no,no,True,True,False,
2026-07-22,KXHIGHNY-26JUL22,KXHIGHNY-26JUL22-T84,less,,84,nws_climatological_report_daily,557119eb86c651b0,no,85.00,0.0000,85,2026-07-23T06:19:00+00:00,CDUS41 KOKX 230619,first final report with data,no,no,True,True,False,
2026-07-22,KXHIGHNY-26JUL22,KXHIGHNY-26JUL22-T91,greater,91,,nws_climatological_report_daily,2f448d445eddeedd,no,85.00,0.0000,85,2026-07-23T06:19:00+00:00,CDUS41 KOKX 230619,first final report with data,no,no,True,True,False,
2026-07-23,KXHIGHNY-26JUL23,KXHIGHNY-26JUL23-B79.5,between,79,80,nws_climatological_report_daily,2c94e47a8acdfa03,yes,79.00,1.0000,79,2026-07-24T06:26:00+00:00,CDUS41 KOKX 240626,first final report with data,yes,yes,True,True,False,
2026-07-23,KXHIGHNY-26JUL23,KXHIGHNY-26JUL23-B81.5,between,81,82,nws_climatological_report_daily,bfaaa927088e00de,no,79.00,0.0000,79,2026-07-24T06:26:00+00:00,CDUS41 KOKX 240626,first final report with data,no,no,True,True,False,
2026-07-23,KXHIGHNY-26JUL23,KXHIGHNY-26JUL23-B83.5,between,83,84,nws_climatological_report_daily,2af8778e63f694d3,no,79.00,0.0000,79,2026-07-24T06:26:00+00:00,CDUS41 KOKX 240626,first final report with data,no,no,True,True,False,
2026-07-23,KXHIGHNY-26JUL23,KXHIGHNY-26JUL23-B85.5,between,85,86,nws_climatological_report_daily,1fcdd55c9efac7b7,no,79.00,0.0000,79,2026-07-24T06:26:00+00:00,CDUS41 KOKX 240626,first final report with data,no,no,True,True,False,
2026-07-23,KXHIGHNY-26JUL23,KXHIGHNY-26JUL23-T79,less,,79,nws_climatological_report_daily,3e8fce657e6194d4,no,79.00,0.0000,79,2026-07-24T06:26:00+00:00,CDUS41 KOKX 240626,first final report with data,no,no,True,True,False,
2026-07-23,KXHIGHNY-26JUL23,KXHIGHNY-26JUL23-T86,greater,86,,nws_climatological_report_daily,4d8cbf510a3788cf,no,79.00,0.0000,79,2026-07-24T06:26:00+00:00,CDUS41 KOKX 240626,first final report with data,no,no,True,True,False,
2026-07-24,KXHIGHNY-26JUL24,KXHIGHNY-26JUL24-B81.5,between,81,82,nws_climatological_report_daily,61e6604084549aa6,no,83.00,0.0000,83,2026-07-25T06:26:00+00:00,CDUS41 KOKX 250626,first final report with data,no,no,True,True,False,
2026-07-24,KXHIGHNY-26JUL24,KXHIGHNY-26JUL24-B83.5,between,83,84,nws_climatological_report_daily,8a81d7533f67248e,yes,83.00,1.0000,83,2026-07-25T06:26:00+00:00,CDUS41 KOKX 250626,first final report with data,yes,yes,True,True,False,
2026-07-24,KXHIGHNY-26JUL24,KXHIGHNY-26JUL24-B85.5,between,85,86,nws_climatological_report_daily,dcd302af7321fe98,no,83.00,0.0000,83,2026-07-25T06:26:00+00:00,CDUS41 KOKX 250626,first final report with data,no,no,True,True,False,
2026-07-24,KXHIGHNY-26JUL24,KXHIGHNY-26JUL24-B87.5,between,87,88,nws_climatological_report_daily,93d8dc1e6c70cff6,no,83.00,0.0000,83,2026-07-25T06:26:00+00:00,CDUS41 KOKX 250626,first final report with data,no,no,True,True,False,
2026-07-24,KXHIGHNY-26JUL24,KXHIGHNY-26JUL24-T81,less,,81,nws_climatological_report_daily,4d4649681e637d9a,no,83.00,0.0000,83,2026-07-25T06:26:00+00:00,CDUS41 KOKX 250626,first final report with data,no,no,True,True,False,
2026-07-24,KXHIGHNY-26JUL24,KXHIGHNY-26JUL24-T88,greater,88,,nws_climatological_report_daily,7defb3f7fcf84b13,no,83.00,0.0000,83,2026-07-25T06:26:00+00:00,CDUS41 KOKX 250626,first final report with data,no,no,True,True,False,
2026-07-25,KXHIGHNY-26JUL25,KXHIGHNY-26JUL25-B80.5,between,80,81,nws_climatological_report_daily,0477e904ecc601bc,yes,81.00,1.0000,81,2026-07-26T06:40:00+00:00,CDUS41 KOKX 260640,first final report with data,yes,yes,True,True,False,
2026-07-25,KXHIGHNY-26JUL25,KXHIGHNY-26JUL25-B82.5,between,82,83,nws_climatological_report_daily,4a2380b521c50134,no,81.00,0.0000,81,2026-07-26T06:40:00+00:00,CDUS41 KOKX 260640,first final report with data,no,no,True,True,False,
2026-07-25,KXHIGHNY-26JUL25,KXHIGHNY-26JUL25-B84.5,between,84,85,nws_climatological_report_daily,267735b5fc2601aa,no,81.00,0.0000,81,2026-07-26T06:40:00+00:00,CDUS41 KOKX 260640,first final report with data,no,no,True,True,False,
2026-07-25,KXHIGHNY-26JUL25,KXHIGHNY-26JUL25-B86.5,between,86,87,nws_climatological_report_daily,e096e2010b0603b0,no,81.00,0.0000,81,2026-07-26T06:40:00+00:00,CDUS41 KOKX 260640,first final report with data,no,no,True,True,False,
2026-07-25,KXHIGHNY-26JUL25,KXHIGHNY-26JUL25-T80,less,,80,nws_climatological_report_daily,6dbbbab5cf18e51d,no,81.00,0.0000,81,2026-07-26T06:40:00+00:00,CDUS41 KOKX 260640,first final report with data,no,no,True,True,False,
2026-07-25,KXHIGHNY-26JUL25,KXHIGHNY-26JUL25-T87,greater,87,,nws_climatological_report_daily,73a6201643e39ab3,no,81.00,0.0000,81,2026-07-26T06:40:00+00:00,CDUS41 KOKX 260640,first final report with data,no,no,True,True,False,
2026-07-26,KXHIGHNY-26JUL26,KXHIGHNY-26JUL26-B81.5,between,81,82,nws_climatological_report_daily,3a9b7eeff58caf20,no,85.00,0.0000,85,2026-07-27T06:34:00+00:00,CDUS41 KOKX 270634,first final report with data,no,no,True,True,False,
2026-07-26,KXHIGHNY-26JUL26,KXHIGHNY-26JUL26-B83.5,between,83,84,nws_climatological_report_daily,d8927ceea0daa10a,no,85.00,0.0000,85,2026-07-27T06:34:00+00:00,CDUS41 KOKX 270634,first final report with data,no,no,True,True,False,
2026-07-26,KXHIGHNY-26JUL26,KXHIGHNY-26JUL26-B85.5,between,85,86,nws_climatological_report_daily,15d382c35b78b405,yes,85.00,1.0000,85,2026-07-27T06:34:00+00:00,CDUS41 KOKX 270634,first final report with data,yes,yes,True,True,False,
2026-07-26,KXHIGHNY-26JUL26,KXHIGHNY-26JUL26-B87.5,between,87,88,nws_climatological_report_daily,5c11ca7e3d37d5b4,no,85.00,0.0000,85,2026-07-27T06:34:00+00:00,CDUS41 KOKX 270634,first final report with data,no,no,True,True,False,
2026-07-26,KXHIGHNY-26JUL26,KXHIGHNY-26JUL26-T81,less,,81,nws_climatological_report_daily,fc487caeed69a4b4,no,85.00,0.0000,85,2026-07-27T06:34:00+00:00,CDUS41 KOKX 270634,first final report with data,no,no,True,True,False,
2026-07-26,KXHIGHNY-26JUL26,KXHIGHNY-26JUL26-T88,greater,88,,nws_climatological_report_daily,aa07bfed4dc444df,no,85.00,0.0000,85,2026-07-27T06:34:00+00:00,CDUS41 KOKX 270634,first final report with data,no,no,True,True,False,
2026-07-27,KXHIGHNY-26JUL27,KXHIGHNY-26JUL27-B81.5,between,81,82,nws_climatological_report_daily,1fb77e7ed4b67736,no,83.00,0.0000,83,2026-07-28T06:43:00+00:00,CDUS41 KOKX 280643,first final report with data,no,no,True,True,False,
2026-07-27,KXHIGHNY-26JUL27,KXHIGHNY-26JUL27-B83.5,between,83,84,nws_climatological_report_daily,975065e8aae8894b,yes,83.00,1.0000,83,2026-07-28T06:43:00+00:00,CDUS41 KOKX 280643,first final report with data,yes,yes,True,True,False,
2026-07-27,KXHIGHNY-26JUL27,KXHIGHNY-26JUL27-B85.5,between,85,86,nws_climatological_report_daily,67e5c27ec2e9bf95,no,83.00,0.0000,83,2026-07-28T06:43:00+00:00,CDUS41 KOKX 280643,first final report with data,no,no,True,True,False,
2026-07-27,KXHIGHNY-26JUL27,KXHIGHNY-26JUL27-B87.5,between,87,88,nws_climatological_report_daily,cbf1eb570d624824,no,83.00,0.0000,83,2026-07-28T06:43:00+00:00,CDUS41 KOKX 280643,first final report with data,no,no,True,True,False,
2026-07-27,KXHIGHNY-26JUL27,KXHIGHNY-26JUL27-T81,less,,81,nws_climatological_report_daily,8b4e882318926646,no,83.00,0.0000,83,2026-07-28T06:43:00+00:00,CDUS41 KOKX 280643,first final report with data,no,no,True,True,False,
2026-07-27,KXHIGHNY-26JUL27,KXHIGHNY-26JUL27-T88,greater,88,,nws_climatological_report_daily,f006fca980b12a74,no,83.00,0.0000,83,2026-07-28T06:43:00+00:00,CDUS41 KOKX 280643,first final report with data,no,no,True,True,False,
2026-07-28,KXHIGHNY-26JUL28,KXHIGHNY-26JUL28-B77.5,between,77,78,nws_climatological_report_daily,7d232a848161b562,no,79.00,0.0000,79,2026-07-29T06:25:00+00:00,CDUS41 KOKX 290625,first final report with data,no,no,True,True,False,
2026-07-28,KXHIGHNY-26JUL28,KXHIGHNY-26JUL28-B79.5,between,79,80,nws_climatological_report_daily,e69e07e24537c2ad,yes,79.00,1.0000,79,2026-07-29T06:25:00+00:00,CDUS41 KOKX 290625,first final report with data,yes,yes,True,True,False,
2026-07-28,KXHIGHNY-26JUL28,KXHIGHNY-26JUL28-B81.5,between,81,82,nws_climatological_report_daily,3676a24cdab33889,no,79.00,0.0000,79,2026-07-29T06:25:00+00:00,CDUS41 KOKX 290625,first final report with data,no,no,True,True,False,
2026-07-28,KXHIGHNY-26JUL28,KXHIGHNY-26JUL28-B83.5,between,83,84,nws_climatological_report_daily,cc0c299eaf532e09,no,79.00,0.0000,79,2026-07-29T06:25:00+00:00,CDUS41 KOKX 290625,first final report with data,no,no,True,True,False,
2026-07-28,KXHIGHNY-26JUL28,KXHIGHNY-26JUL28-T77,less,,77,nws_climatological_report_daily,22e988f6a07d8b22,no,79.00,0.0000,79,2026-07-29T06:25:00+00:00,CDUS41 KOKX 290625,first final report with data,no,no,True,True,False,
2026-07-28,KXHIGHNY-26JUL28,KXHIGHNY-26JUL28-T84,greater,84,,nws_climatological_report_daily,130ef33f75dec503,no,79.00,0.0000,79,2026-07-29T06:25:00+00:00,CDUS41 KOKX 290625,first final report with data,no,no,True,True,False,
2026-07-29,KXHIGHNY-26JUL29,KXHIGHNY-26JUL29-B76.5,between,76,77,nws_climatological_report_daily,7c2810d4006cb278,no,80.00,0.0000,80,2026-07-30T06:20:00+00:00,CDUS41 KOKX 300620,first final report with data,no,no,True,True,False,
2026-07-29,KXHIGHNY-26JUL29,KXHIGHNY-26JUL29-B78.5,between,78,79,nws_climatological_report_daily,ffdd14c028d82efa,no,80.00,0.0000,80,2026-07-30T06:20:00+00:00,CDUS41 KOKX 300620,first final report with data,no,no,True,True,False,
2026-07-29,KXHIGHNY-26JUL29,KXHIGHNY-26JUL29-B80.5,between,80,81,nws_climatological_report_daily,349730b06903b2ab,yes,80.00,1.0000,80,2026-07-30T06:20:00+00:00,CDUS41 KOKX 300620,first final report with data,yes,yes,True,True,False,
2026-07-29,KXHIGHNY-26JUL29,KXHIGHNY-26JUL29-B82.5,between,82,83,nws_climatological_report_daily,10102d35aa477bba,no,80.00,0.0000,80,2026-07-30T06:20:00+00:00,CDUS41 KOKX 300620,first final report with data,no,no,True,True,False,
2026-07-29,KXHIGHNY-26JUL29,KXHIGHNY-26JUL29-T76,less,,76,nws_climatological_report_daily,caca230f5ec34e1e,no,80.00,0.0000,80,2026-07-30T06:20:00+00:00,CDUS41 KOKX 300620,first final report with data,no,no,True,True,False,
2026-07-29,KXHIGHNY-26JUL29,KXHIGHNY-26JUL29-T83,greater,83,,nws_climatological_report_daily,7f343f60741df36d,no,80.00,0.0000,80,2026-07-30T06:20:00+00:00,CDUS41 KOKX 300620,first final report with data,no,no,True,True,False,
2026-07-30,KXHIGHNY-26JUL30,KXHIGHNY-26JUL30-B77.5,between,77,78,nws_climatological_report_daily,a46efdc4d403e9f6,no,74.00,0.0000,74,2026-07-31T06:19:00+00:00,CDUS41 KOKX 310619,first final report with data,no,no,True,True,False,
2026-07-30,KXHIGHNY-26JUL30,KXHIGHNY-26JUL30-B79.5,between,79,80,nws_climatological_report_daily,36373ec629b852e8,no,74.00,0.0000,74,2026-07-31T06:19:00+00:00,CDUS41 KOKX 310619,first final report with data,no,no,True,True,False,
2026-07-30,KXHIGHNY-26JUL30,KXHIGHNY-26JUL30-B81.5,between,81,82,nws_climatological_report_daily,e9feb84d241cbfce,no,74.00,0.0000,74,2026-07-31T06:19:00+00:00,CDUS41 KOKX 310619,first final report with data,no,no,True,True,False,
2026-07-30,KXHIGHNY-26JUL30,KXHIGHNY-26JUL30-B83.5,between,83,84,nws_climatological_report_daily,03b64b820a7c16fa,no,74.00,0.0000,74,2026-07-31T06:19:00+00:00,CDUS41 KOKX 310619,first final report with data,no,no,True,True,False,
2026-07-30,KXHIGHNY-26JUL30,KXHIGHNY-26JUL30-T77,less,,77,nws_climatological_report_daily,ffa0305e888d433a,yes,74.00,1.0000,74,2026-07-31T06:19:00+00:00,CDUS41 KOKX 310619,first final report with data,yes,yes,True,True,False,
2026-07-30,KXHIGHNY-26JUL30,KXHIGHNY-26JUL30-T84,greater,84,,nws_climatological_report_daily,9178e803858faa3b,no,74.00,0.0000,74,2026-07-31T06:19:00+00:00,CDUS41 KOKX 310619,first final report with data,no,no,True,True,False,
2026-07-31,KXHIGHNY-26JUL31,KXHIGHNY-26JUL31-B82.5,between,82,83,nws_climatological_report_daily,6f2372cc78871f89,no,85.00,0.0000,85,2026-08-01T06:25:00+00:00,CDUS41 KOKX 010625,first final report with data,no,no,True,True,False,
2026-07-31,KXHIGHNY-26JUL31,KXHIGHNY-26JUL31-B84.5,between,84,85,nws_climatological_report_daily,fb681ba8875eb7ea,yes,85.00,1.0000,85,2026-08-01T06:25:00+00:00,CDUS41 KOKX 010625,first final report with data,yes,yes,True,True,False,
2026-07-31,KXHIGHNY-26JUL31,KXHIGHNY-26JUL31-B86.5,between,86,87,nws_climatological_report_daily,6bd42641fbd869e6,no,85.00,0.0000,85,2026-08-01T06:25:00+00:00,CDUS41 KOKX 010625,first final report with data,no,no,True,True,False,
2026-07-31,KXHIGHNY-26JUL31,KXHIGHNY-26JUL31-B88.5,between,88,89,nws_climatological_report_daily,03e059990af4204d,no,85.00,0.0000,85,2026-08-01T06:25:00+00:00,CDUS41 KOKX 010625,first final report with data,no,no,True,True,False,
2026-07-31,KXHIGHNY-26JUL31,KXHIGHNY-26JUL31-T82,less,,82,nws_climatological_report_daily,0d8f4fde1a48e0f1,no,85.00,0.0000,85,2026-08-01T06:25:00+00:00,CDUS41 KOKX 010625,first final report with data,no,no,True,True,False,
2026-07-31,KXHIGHNY-26JUL31,KXHIGHNY-26JUL31-T89,greater,89,,nws_climatological_report_daily,8f010009875a3503,no,85.00,0.0000,85,2026-08-01T06:25:00+00:00,CDUS41 KOKX 010625,first final report with data,no,no,True,True,False,
2026-08-01,KXHIGHNY-26AUG01,KXHIGHNY-26AUG01-B82.5,between,82,83,nws_climatological_report_daily,78cea6616c2253f4,no,86.00,0.0000,86,2026-08-02T06:30:00+00:00,CDUS41 KOKX 020630,first final report with data,no,no,True,True,False,
2026-08-01,KXHIGHNY-26AUG01,KXHIGHNY-26AUG01-B84.5,between,84,85,nws_climatological_report_daily,75b290b1c62c3e79,no,86.00,0.0000,86,2026-08-02T06:30:00+00:00,CDUS41 KOKX 020630,first final report with data,no,no,True,True,False,
2026-08-01,KXHIGHNY-26AUG01,KXHIGHNY-26AUG01-B86.5,between,86,87,nws_climatological_report_daily,73aa7ac74e8435c6,yes,86.00,1.0000,86,2026-08-02T06:30:00+00:00,CDUS41 KOKX 020630,first final report with data,yes,yes,True,True,False,
2026-08-01,KXHIGHNY-26AUG01,KXHIGHNY-26AUG01-B88.5,between,88,89,nws_climatological_report_daily,79d3a3c14d4ee6bf,no,86.00,0.0000,86,2026-08-02T06:30:00+00:00,CDUS41 KOKX 020630,first final report with data,no,no,True,True,False,
2026-08-01,KXHIGHNY-26AUG01,KXHIGHNY-26AUG01-T82,less,,82,nws_climatological_report_daily,c09b6772f5bc8d0c,no,86.00,0.0000,86,2026-08-02T06:30:00+00:00,CDUS41 KOKX 020630,first final report with data,no,no,True,True,False,
2026-08-01,KXHIGHNY-26AUG01,KXHIGHNY-26AUG01-T89,greater,89,,nws_climatological_report_daily,7eb62f8e2760d732,no,86.00,0.0000,86,2026-08-02T06:30:00+00:00,CDUS41 KOKX 020630,first final report with data,no,no,True,True,False,
2026-08-02,KXHIGHNY-26AUG02,KXHIGHNY-26AUG02-B80.5,between,80,81,nws_climatological_report_daily,12254596017baad2,no,83.00,0.0000,83,2026-08-03T06:32:00+00:00,CDUS41 KOKX 030632,first final report with data,no,no,True,True,False,
2026-08-02,KXHIGHNY-26AUG02,KXHIGHNY-26AUG02-B82.5,between,82,83,nws_climatological_report_daily,56f749fbcfd6ac7a,yes,83.00,1.0000,83,2026-08-03T06:32:00+00:00,CDUS41 KOKX 030632,first final report with data,yes,yes,True,True,False,
2026-08-02,KXHIGHNY-26AUG02,KXHIGHNY-26AUG02-B84.5,between,84,85,nws_climatological_report_daily,038d89109d979620,no,83.00,0.0000,83,2026-08-03T06:32:00+00:00,CDUS41 KOKX 030632,first final report with data,no,no,True,True,False,
2026-08-02,KXHIGHNY-26AUG02,KXHIGHNY-26AUG02-B86.5,between,86,87,nws_climatological_report_daily,9a8ad59701530741,no,83.00,0.0000,83,2026-08-03T06:32:00+00:00,CDUS41 KOKX 030632,first final report with data,no,no,True,True,False,
2026-08-02,KXHIGHNY-26AUG02,KXHIGHNY-26AUG02-T80,less,,80,nws_climatological_report_daily,44333cf609f6f69b,no,83.00,0.0000,83,2026-08-03T06:32:00+00:00,CDUS41 KOKX 030632,first final report with data,no,no,True,True,False,
2026-08-02,KXHIGHNY-26AUG02,KXHIGHNY-26AUG02-T87,greater,87,,nws_climatological_report_daily,36f35c79aa22dc1b,no,83.00,0.0000,83,2026-08-03T06:32:00+00:00,CDUS41 KOKX 030632,first final report with data,no,no,True,True,False,
2026-08-03,KXHIGHNY-26AUG03,KXHIGHNY-26AUG03-B80.5,between,80,81,nws_climatological_report_daily,7c052d38037e5484,yes,80.00,1.0000,80,2026-08-04T06:22:00+00:00,CDUS41 KOKX 040622,first final report with data,yes,yes,True,True,False,
2026-08-03,KXHIGHNY-26AUG03,KXHIGHNY-26AUG03-B82.5,between,82,83,nws_climatological_report_daily,57482c4025e9c557,no,80.00,0.0000,80,2026-08-04T06:22:00+00:00,CDUS41 KOKX 040622,first final report with data,no,no,True,True,False,
2026-08-03,KXHIGHNY-26AUG03,KXHIGHNY-26AUG03-B84.5,between,84,85,nws_climatological_report_daily,1489b3ffb0b069b5,no,80.00,0.0000,80,2026-08-04T06:22:00+00:00,CDUS41 KOKX 040622,first final report with data,no,no,True,True,False,
2026-08-03,KXHIGHNY-26AUG03,KXHIGHNY-26AUG03-B86.5,between,86,87,nws_climatological_report_daily,ef916740691e07b6,no,80.00,0.0000,80,2026-08-04T06:22:00+00:00,CDUS41 KOKX 040622,first final report with data,no,no,True,True,False,
2026-08-03,KXHIGHNY-26AUG03,KXHIGHNY-26AUG03-T80,less,,80,nws_climatological_report_daily,ec1db85afe6ea831,no,80.00,0.0000,80,2026-08-04T06:22:00+00:00,CDUS41 KOKX 040622,first final report with data,no,no,True,True,False,
2026-08-03,KXHIGHNY-26AUG03,KXHIGHNY-26AUG03-T87,greater,87,,nws_climatological_report_daily,f61561509dce5235,no,80.00,0.0000,80,2026-08-04T06:22:00+00:00,CDUS41 KOKX 040622,first final report with data,no,no,True,True,False,
2026-08-04,KXHIGHNY-26AUG04,KXHIGHNY-26AUG04-B81.5,between,81,82,nws_climatological_report_daily,dbb9c70209e260b6,no,84.00,0.0000,84,2026-08-05T06:34:00+00:00,CDUS41 KOKX 050634,first final report with data,no,no,True,True,False,
2026-08-04,KXHIGHNY-26AUG04,KXHIGHNY-26AUG04-B83.5,between,83,84,nws_climatological_report_daily,72ad2939afd4b2e9,yes,84.00,1.0000,84,2026-08-05T06:34:00+00:00,CDUS41 KOKX 050634,first final report with data,yes,yes,True,True,False,
2026-08-04,KXHIGHNY-26AUG04,KXHIGHNY-26AUG04-B85.5,between,85,86,nws_climatological_report_daily,e1efb3c2e3a51d80,no,84.00,0.0000,84,2026-08-05T06:34:00+00:00,CDUS41 KOKX 050634,first final report with data,no,no,True,True,False,
2026-08-04,KXHIGHNY-26AUG04,KXHIGHNY-26AUG04-B87.5,between,87,88,nws_climatological_report_daily,db2bf5ef465ea507,no,84.00,0.0000,84,2026-08-05T06:34:00+00:00,CDUS41 KOKX 050634,first final report with data,no,no,True,True,False,
2026-08-04,KXHIGHNY-26AUG04,KXHIGHNY-26AUG04-T81,less,,81,nws_climatological_report_daily,927a6e8629bf6745,no,84.00,0.0000,84,2026-08-05T06:34:00+00:00,CDUS41 KOKX 050634,first final report with data,no,no,True,True,False,
2026-08-04,KXHIGHNY-26AUG04,KXHIGHNY-26AUG04-T88,greater,88,,nws_climatological_report_daily,69bc1033ec40f843,no,84.00,0.0000,84,2026-08-05T06:34:00+00:00,CDUS41 KOKX 050634,first final report with data,no,no,True,True,False,
2026-08-05,KXHIGHNY-26AUG05,KXHIGHNY-26AUG05-B80.5,between,80,81,nws_climatological_report_daily,ab58a8edc6b58734,no,83.00,0.0000,83,2026-08-06T06:27:00+00:00,CDUS41 KOKX 060627,first final report with data,no,no,True,True,False,
2026-08-05,KXHIGHNY-26AUG05,KXHIGHNY-26AUG05-B82.5,between,82,83,nws_climatological_report_daily,a36e210cdbe522af,yes,83.00,1.0000,83,2026-08-06T06:27:00+00:00,CDUS41 KOKX 060627,first final report with data,yes,yes,True,True,False,
2026-08-05,KXHIGHNY-26AUG05,KXHIGHNY-26AUG05-B84.5,between,84,85,nws_climatological_report_daily,1d54b137e0101d39,no,83.00,0.0000,83,2026-08-06T06:27:00+00:00,CDUS41 KOKX 060627,first final report with data,no,no,True,True,False,
2026-08-05,KXHIGHNY-26AUG05,KXHIGHNY-26AUG05-B86.5,between,86,87,nws_climatological_report_daily,d6e2752a78c08c0f,no,83.00,0.0000,83,2026-08-06T06:27:00+00:00,CDUS41 KOKX 060627,first final report with data,no,no,True,True,False,
2026-08-05,KXHIGHNY-26AUG05,KXHIGHNY-26AUG05-T80,less,,80,nws_climatological_report_daily,ff3a492aaaced966,no,83.00,0.0000,83,2026-08-06T06:27:00+00:00,CDUS41 KOKX 060627,first final report with data,no,no,True,True,False,
2026-08-05,KXHIGHNY-26AUG05,KXHIGHNY-26AUG05-T87,greater,87,,nws_climatological_report_daily,c0b75a1847debc08,no,83.00,0.0000,83,2026-08-06T06:27:00+00:00,CDUS41 KOKX 060627,first final report with data,no,no,True,True,False,
2026-08-06,KXHIGHNY-26AUG06,KXHIGHNY-26AUG06-B88.5,between,88,89,nws_climatological_report_daily,50120f0d931a3dcf,yes,88.00,1.0000,88,2026-08-07T06:20:00+00:00,CDUS41 KOKX 070620,first final report with data,yes,yes,True,True,False,
2026-08-06,KXHIGHNY-26AUG06,KXHIGHNY-26AUG06-B90.5,between,90,91,nws_climatological_report_daily,371656009b979312,no,88.00,0.0000,88,2026-08-07T06:20:00+00:00,CDUS41 KOKX 070620,first final report with data,no,no,True,True,False,
2026-08-06,KXHIGHNY-26AUG06,KXHIGHNY-26AUG06-B92.5,between,92,93,nws_climatological_report_daily,0022465deaa799d0,no,88.00,0.0000,88,2026-08-07T06:20:00+00:00,CDUS41 KOKX 070620,first final report with data,no,no,True,True,False,
2026-08-06,KXHIGHNY-26AUG06,KXHIGHNY-26AUG06-B94.5,between,94,95,nws_climatological_report_daily,9a7806f72dcb68d2,no,88.00,0.0000,88,2026-08-07T06:20:00+00:00,CDUS41 KOKX 070620,first final report with data,no,no,True,True,False,
2026-08-06,KXHIGHNY-26AUG06,KXHIGHNY-26AUG06-T88,less,,88,nws_climatological_report_daily,fa531c5a66fb5ef7,no,88.00,0.0000,88,2026-08-07T06:20:00+00:00,CDUS41 KOKX 070620,first final report with data,no,no,True,True,False,
2026-08-06,KXHIGHNY-26AUG06,KXHIGHNY-26AUG06-T95,greater,95,,nws_climatological_report_daily,6106806396a5f91f,no,88.00,0.0000,88,2026-08-07T06:20:00+00:00,CDUS41 KOKX 070620,first final report with data,no,no,True,True,False,
2026-08-07,KXHIGHNY-26AUG07,KXHIGHNY-26AUG07-B89.5,between,89,90,nws_climatological_report_daily,9871b5abf8efaae3,no,91.00,0.0000,91,2026-08-08T06:22:00+00:00,CDUS41 KOKX 080622,first final report with data,no,no,True,True,False,
2026-08-07,KXHIGHNY-26AUG07,KXHIGHNY-26AUG07-B91.5,between,91,92,nws_climatological_report_daily,2bdba4aa2e797298,yes,91.00,1.0000,91,2026-08-08T06:22:00+00:00,CDUS41 KOKX 080622,first final report with data,yes,yes,True,True,False,
2026-08-07,KXHIGHNY-26AUG07,KXHIGHNY-26AUG07-B93.5,between,93,94,nws_climatological_report_daily,1ff2e462cddc1513,no,91.00,0.0000,91,2026-08-08T06:22:00+00:00,CDUS41 KOKX 080622,first final report with data,no,no,True,True,False,
2026-08-07,KXHIGHNY-26AUG07,KXHIGHNY-26AUG07-B95.5,between,95,96,nws_climatological_report_daily,6406257e8e2f661d,no,91.00,0.0000,91,2026-08-08T06:22:00+00:00,CDUS41 KOKX 080622,first final report with data,no,no,True,True,False,
2026-08-07,KXHIGHNY-26AUG07,KXHIGHNY-26AUG07-T89,less,,89,nws_climatological_report_daily,f71e3400ca5241d8,no,91.00,0.0000,91,2026-08-08T06:22:00+00:00,CDUS41 KOKX 080622,first final report with data,no,no,True,True,False,
2026-08-07,KXHIGHNY-26AUG07,KXHIGHNY-26AUG07-T96,greater,96,,nws_climatological_report_daily,3c5e1306138f02d3,no,91.00,0.0000,91,2026-08-08T06:22:00+00:00,CDUS41 KOKX 080622,first final report with data,no,no,True,True,False,
2026-08-08,KXHIGHNY-26AUG08,KXHIGHNY-26AUG08-B89.5,between,89,90,nws_climatological_report_daily,bfc9aeb416d49508,no,87.00,0.0000,87,2026-08-09T06:48:00+00:00,CDUS41 KOKX 090648,first final report with data,no,no,True,True,False,
2026-08-08,KXHIGHNY-26AUG08,KXHIGHNY-26AUG08-B91.5,between,91,92,nws_climatological_report_daily,f6483e164f03d6c8,no,87.00,0.0000,87,2026-08-09T06:48:00+00:00,CDUS41 KOKX 090648,first final report with data,no,no,True,True,False,
2026-08-08,KXHIGHNY-26AUG08,KXHIGHNY-26AUG08-B93.5,between,93,94,nws_climatological_report_daily,0fc9fa4e0c7b1c41,no,87.00,0.0000,87,2026-08-09T06:48:00+00:00,CDUS41 KOKX 090648,first final report with data,no,no,True,True,False,
2026-08-08,KXHIGHNY-26AUG08,KXHIGHNY-26AUG08-B95.5,between,95,96,nws_climatological_report_daily,4ca9f4bd5b0a3250,no,87.00,0.0000,87,2026-08-09T06:48:00+00:00,CDUS41 KOKX 090648,first final report with data,no,no,True,True,False,
2026-08-08,KXHIGHNY-26AUG08,KXHIGHNY-26AUG08-T89,less,,89,nws_climatological_report_daily,585fa12830695c4e,yes,87.00,1.0000,87,2026-08-09T06:48:00+00:00,CDUS41 KOKX 090648,first final report with data,yes,yes,True,True,False,
2026-08-08,KXHIGHNY-26AUG08,KXHIGHNY-26AUG08-T96,greater,96,,nws_climatological_report_daily,3c97f63cedb2a9ad,no,87.00,0.0000,87,2026-08-09T06:48:00+00:00,CDUS41 KOKX 090648,first final report with data,no,no,True,True,False,
2026-08-09,KXHIGHNY-26AUG09,KXHIGHNY-26AUG09-B90.5,between,90,91,nws_climatological_report_daily,dc11ff4336d4fac4,no,88.00,0.0000,88,2026-08-10T06:21:00+00:00,CDUS41 KOKX 100621,first final report with data,no,no,True,True,False,
2026-08-09,KXHIGHNY-26AUG09,KXHIGHNY-26AUG09-B92.5,between,92,93,nws_climatological_report_daily,427bedc7214099aa,no,88.00,0.0000,88,2026-08-10T06:21:00+00:00,CDUS41 KOKX 100621,first final report with data,no,no,True,True,False,
2026-08-09,KXHIGHNY-26AUG09,KXHIGHNY-26AUG09-B94.5,between,94,95,nws_climatological_report_daily,5477ce2bd2a994ff,no,88.00,0.0000,88,2026-08-10T06:21:00+00:00,CDUS41 KOKX 100621,first final report with data,no,no,True,True,False,
2026-08-09,KXHIGHNY-26AUG09,KXHIGHNY-26AUG09-B96.5,between,96,97,nws_climatological_report_daily,aed2fd844c0af494,no,88.00,0.0000,88,2026-08-10T06:21:00+00:00,CDUS41 KOKX 100621,first final report with data,no,no,True,True,False,
2026-08-09,KXHIGHNY-26AUG09,KXHIGHNY-26AUG09-T90,less,,90,nws_climatological_report_daily,1e9243209bea47d5,yes,88.00,1.0000,88,2026-08-10T06:21:00+00:00,CDUS41 KOKX 100621,first final report with data,yes,yes,True,True,False,
2026-08-09,KXHIGHNY-26AUG09,KXHIGHNY-26AUG09-T97,greater,97,,nws_climatological_report_daily,2343138e47aa0eb4,no,88.00,0.0000,88,2026-08-10T06:21:00+00:00,CDUS41 KOKX 100621,first final report with data,no,no,True,True,False,
2026-08-10,KXHIGHNY-26AUG10,KXHIGHNY-26AUG10-B89.5,between,89,90,nws_climatological_report_daily,24566aa5326feeaf,no,85.00,0.0000,85,2026-08-11T06:27:00+00:00,CDUS41 KOKX 110627,first final report with data,no,no,True,True,False,
2026-08-10,KXHIGHNY-26AUG10,KXHIGHNY-26AUG10-B91.5,between,91,92,nws_climatological_report_daily,8a4d645300c41aee,no,85.00,0.0000,85,2026-08-11T06:27:00+00:00,CDUS41 KOKX 110627,first final report with data,no,no,True,True,False,
2026-08-10,KXHIGHNY-26AUG10,KXHIGHNY-26AUG10-B93.5,between,93,94,nws_climatological_report_daily,f960ad845347d737,no,85.00,0.0000,85,2026-08-11T06:27:00+00:00,CDUS41 KOKX 110627,first final report with data,no,no,True,True,False,
2026-08-10,KXHIGHNY-26AUG10,KXHIGHNY-26AUG10-B95.5,between,95,96,nws_climatological_report_daily,2f7fdd0bb344e00d,no,85.00,0.0000,85,2026-08-11T06:27:00+00:00,CDUS41 KOKX 110627,first final report with data,no,no,True,True,False,
2026-08-10,KXHIGHNY-26AUG10,KXHIGHNY-26AUG10-T89,less,,89,nws_climatological_report_daily,cfde9adbfab08869,yes,85.00,1.0000,85,2026-08-11T06:27:00+00:00,CDUS41 KOKX 110627,first final report with data,yes,yes,True,True,False,
2026-08-10,KXHIGHNY-26AUG10,KXHIGHNY-26AUG10-T96,greater,96,,nws_climatological_report_daily,82e8222fec536645,no,85.00,0.0000,85,2026-08-11T06:27:00+00:00,CDUS41 KOKX 110627,first final report with data,no,no,True,True,False,
2026-08-11,KXHIGHNY-26AUG11,KXHIGHNY-26AUG11-B89.5,between,89,90,nws_climatological_report_daily,c71455e0a249af13,no,85.00,0.0000,85,2026-08-12T06:22:00+00:00,CDUS41 KOKX 120622,first final report with data,no,no,True,True,False,
2026-08-11,KXHIGHNY-26AUG11,KXHIGHNY-26AUG11-B91.5,between,91,92,nws_climatological_report_daily,3b498d5bf19f176a,no,85.00,0.0000,85,2026-08-12T06:22:00+00:00,CDUS41 KOKX 120622,first final report with data,no,no,True,True,False,
2026-08-11,KXHIGHNY-26AUG11,KXHIGHNY-26AUG11-B93.5,between,93,94,nws_climatological_report_daily,ac90c2f7ac6fcf61,no,85.00,0.0000,85,2026-08-12T06:22:00+00:00,CDUS41 KOKX 120622,first final report with data,no,no,True,True,False,
2026-08-11,KXHIGHNY-26AUG11,KXHIGHNY-26AUG11-B95.5,between,95,96,nws_climatological_report_daily,c5391f520d6544e7,no,85.00,0.0000,85,2026-08-12T06:22:00+00:00,CDUS41 KOKX 120622,first final report with data,no,no,True,True,False,
2026-08-11,KXHIGHNY-26AUG11,KXHIGHNY-26AUG11-T89,less,,89,nws_climatological_report_daily,c9c789abea477fb8,yes,85.00,1.0000,85,2026-08-12T06:22:00+00:00,CDUS41 KOKX 120622,first final report with data,yes,yes,True,True,False,
2026-08-11,KXHIGHNY-26AUG11,KXHIGHNY-26AUG11-T96,greater,96,,nws_climatological_report_daily,34f5b78b33d5a94b,no,85.00,0.0000,85,2026-08-12T06:22:00+00:00,CDUS41 KOKX 120622,first final report with data,no,no,True,True,False,
2026-08-12,KXHIGHNY-26AUG12,KXHIGHNY-26AUG12-B83.5,between,83,84,nws_climatological_report_daily,d661805e1693a593,yes,84.00,1.0000,84,2026-08-13T06:17:00+00:00,CDUS41 KOKX 130617,first final report with data,yes,yes,True,True,False,
2026-08-12,KXHIGHNY-26AUG12,KXHIGHNY-26AUG12-B85.5,between,85,86,nws_climatological_report_daily,86cbb7b9e24e1da1,no,84.00,0.0000,84,2026-08-13T06:17:00+00:00,CDUS41 KOKX 130617,first final report with data,no,no,True,True,False,
2026-08-12,KXHIGHNY-26AUG12,KXHIGHNY-26AUG12-B87.5,between,87,88,nws_climatological_report_daily,35d5fa5be5b8f9a7,no,84.00,0.0000,84,2026-08-13T06:17:00+00:00,CDUS41 KOKX 130617,first final report with data,no,no,True,True,False,
2026-08-12,KXHIGHNY-26AUG12,KXHIGHNY-26AUG12-B89.5,between,89,90,nws_climatological_report_daily,91ba263fac86ea89,no,84.00,0.0000,84,2026-08-13T06:17:00+00:00,CDUS41 KOKX 130617,first final report with data,no,no,True,True,False,
2026-08-12,KXHIGHNY-26AUG12,KXHIGHNY-26AUG12-T83,less,,83,nws_climatological_report_daily,74c2e8db97f0b044,no,84.00,0.0000,84,2026-08-13T06:17:00+00:00,CDUS41 KOKX 130617,first final report with data,no,no,True,True,False,
2026-08-12,KXHIGHNY-26AUG12,KXHIGHNY-26AUG12-T90,greater,90,,nws_climatological_report_daily,a988bfed0d8bc44d,no,84.00,0.0000,84,2026-08-13T06:17:00+00:00,CDUS41 KOKX 130617,first final report with data,no,no,True,True,False,
2026-08-13,KXHIGHNY-26AUG13,KXHIGHNY-26AUG13-B85.5,between,85,86,nws_climatological_report_daily,206fdf9e6a2c26db,yes,85.00,1.0000,85,2026-08-14T06:18:00+00:00,CDUS41 KOKX 140618,first final report with data,yes,yes,True,True,False,
2026-08-13,KXHIGHNY-26AUG13,KXHIGHNY-26AUG13-B87.5,between,87,88,nws_climatological_report_daily,c70422b10e999290,no,85.00,0.0000,85,2026-08-14T06:18:00+00:00,CDUS41 KOKX 140618,first final report with data,no,no,True,True,False,
2026-08-13,KXHIGHNY-26AUG13,KXHIGHNY-26AUG13-B89.5,between,89,90,nws_climatological_report_daily,8591fac7d03912c5,no,85.00,0.0000,85,2026-08-14T06:18:00+00:00,CDUS41 KOKX 140618,first final report with data,no,no,True,True,False,
2026-08-13,KXHIGHNY-26AUG13,KXHIGHNY-26AUG13-B91.5,between,91,92,nws_climatological_report_daily,aa970713b5b2189b,no,85.00,0.0000,85,2026-08-14T06:18:00+00:00,CDUS41 KOKX 140618,first final report with data,no,no,True,True,False,
2026-08-13,KXHIGHNY-26AUG13,KXHIGHNY-26AUG13-T85,less,,85,nws_climatological_report_daily,ba3387664930bb74,no,85.00,0.0000,85,2026-08-14T06:18:00+00:00,CDUS41 KOKX 140618,first final report with data,no,no,True,True,False,
2026-08-13,KXHIGHNY-26AUG13,KXHIGHNY-26AUG13-T92,greater,92,,nws_climatological_report_daily,d9fc9870ade3691c,no,85.00,0.0000,85,2026-08-14T06:18:00+00:00,CDUS41 KOKX 140618,first final report with data,no,no,True,True,False,
2026-08-14,KXHIGHNY-26AUG14,KXHIGHNY-26AUG14-B85.5,between,85,86,the_weather_company,20e7f94538574a73,no,84.00,0.0000,84,2026-08-15T06:19:00+00:00,CDUS41 KOKX 150619,first final report with data,no,no,True,True,False,
2026-08-14,KXHIGHNY-26AUG14,KXHIGHNY-26AUG14-B87.5,between,87,88,the_weather_company,88e18172aa311aae,no,84.00,0.0000,84,2026-08-15T06:19:00+00:00,CDUS41 KOKX 150619,first final report with data,no,no,True,True,False,
2026-08-14,KXHIGHNY-26AUG14,KXHIGHNY-26AUG14-B89.5,between,89,90,the_weather_company,9e547703e7d69ec4,no,84.00,0.0000,84,2026-08-15T06:19:00+00:00,CDUS41 KOKX 150619,first final report with data,no,no,True,True,False,
2026-08-14,KXHIGHNY-26AUG14,KXHIGHNY-26AUG14-B91.5,between,91,92,the_weather_company,6932a0b7f0aac25f,no,84.00,0.0000,84,2026-08-15T06:19:00+00:00,CDUS41 KOKX 150619,first final report with data,no,no,True,True,False,
2026-08-14,KXHIGHNY-26AUG14,KXHIGHNY-26AUG14-T85,less,,85,the_weather_company,acdadc4b1eff5c26,yes,84.00,1.0000,84,2026-08-15T06:19:00+00:00,CDUS41 KOKX 150619,first final report with data,yes,yes,True,True,False,
2026-08-14,KXHIGHNY-26AUG14,KXHIGHNY-26AUG14-T92,greater,92,,the_weather_company,6213bff63aa40f18,no,84.00,0.0000,84,2026-08-15T06:19:00+00:00,CDUS41 KOKX 150619,first final report with data,no,no,True,True,False,
2026-08-15,KXHIGHNY-26AUG15,KXHIGHNY-26AUG15-B80.5,between,80,81,the_weather_company,414b1ca217caf8aa,no,83.00,0.0000,83,2026-08-16T06:17:00+00:00,CDUS41 KOKX 160617,first final report with data,no,no,True,True,False,
2026-08-15,KXHIGHNY-26AUG15,KXHIGHNY-26AUG15-B82.5,between,82,83,the_weather_company,aad8e572913b44c8,yes,83.00,1.0000,83,2026-08-16T06:17:00+00:00,CDUS41 KOKX 160617,first final report with data,yes,yes,True,True,False,
2026-08-15,KXHIGHNY-26AUG15,KXHIGHNY-26AUG15-B84.5,between,84,85,the_weather_company,45cd444a923b31e1,no,83.00,0.0000,83,2026-08-16T06:17:00+00:00,CDUS41 KOKX 160617,first final report with data,no,no,True,True,False,
2026-08-15,KXHIGHNY-26AUG15,KXHIGHNY-26AUG15-B86.5,between,86,87,the_weather_company,f6cf527a6e220af4,no,83.00,0.0000,83,2026-08-16T06:17:00+00:00,CDUS41 KOKX 160617,first final report with data,no,no,True,True,False,
2026-08-15,KXHIGHNY-26AUG15,KXHIGHNY-26AUG15-T80,less,,80,the_weather_company,c049307e83ad42f6,no,83.00,0.0000,83,2026-08-16T06:17:00+00:00,CDUS41 KOKX 160617,first final report with data,no,no,True,True,False,
2026-08-15,KXHIGHNY-26AUG15,KXHIGHNY-26AUG15-T87,greater,87,,the_weather_company,da73ce571f4e2371,no,83.00,0.0000,83,2026-08-16T06:17:00+00:00,CDUS41 KOKX 160617,first final report with data,no,no,True,True,False,
2026-08-16,KXHIGHNY-26AUG16,KXHIGHNY-26AUG16-B78.5,between,78,79,the_weather_company,8b6b39bb4b639350,no,80.00,0.0000,80,2026-08-17T06:33:00+00:00,CDUS41 KOKX 170633,first final report with data,no,no,True,True,False,
2026-08-16,KXHIGHNY-26AUG16,KXHIGHNY-26AUG16-B80.5,between,80,81,the_weather_company,72eeedd506502c3e,yes,80.00,1.0000,80,2026-08-17T06:33:00+00:00,CDUS41 KOKX 170633,first final report with data,yes,yes,True,True,False,
2026-08-16,KXHIGHNY-26AUG16,KXHIGHNY-26AUG16-B82.5,between,82,83,the_weather_company,103310e6a29498ef,no,80.00,0.0000,80,2026-08-17T06:33:00+00:00,CDUS41 KOKX 170633,first final report with data,no,no,True,True,False,
2026-08-16,KXHIGHNY-26AUG16,KXHIGHNY-26AUG16-B84.5,between,84,85,the_weather_company,41139f75db3ab12b,no,80.00,0.0000,80,2026-08-17T06:33:00+00:00,CDUS41 KOKX 170633,first final report with data,no,no,True,True,False,
2026-08-16,KXHIGHNY-26AUG16,KXHIGHNY-26AUG16-T78,less,,78,the_weather_company,bc614dd0e9bbd83b,no,80.00,0.0000,80,2026-08-17T06:33:00+00:00,CDUS41 KOKX 170633,first final report with data,no,no,True,True,False,
2026-08-16,KXHIGHNY-26AUG16,KXHIGHNY-26AUG16-T85,greater,85,,the_weather_company,665407d8969fe0f0,no,80.00,0.0000,80,2026-08-17T06:33:00+00:00,CDUS41 KOKX 170633,first final report with data,no,no,True,True,False,
2026-08-17,KXHIGHNY-26AUG17,KXHIGHNY-26AUG17-B84.5,between,84,85,the_weather_company,d4ab7d90424f3f3b,no,81.00,0.0000,81,2026-08-18T06:17:00+00:00,CDUS41 KOKX 180617,first final report with data,no,no,True,True,False,
2026-08-17,KXHIGHNY-26AUG17,KXHIGHNY-26AUG17-B86.5,between,86,87,the_weather_company,3f3dc74ca1fe7445,no,81.00,0.0000,81,2026-08-18T06:17:00+00:00,CDUS41 KOKX 180617,first final report with data,no,no,True,True,False,
2026-08-17,KXHIGHNY-26AUG17,KXHIGHNY-26AUG17-B88.5,between,88,89,the_weather_company,5624817c93832b7e,no,81.00,0.0000,81,2026-08-18T06:17:00+00:00,CDUS41 KOKX 180617,first final report with data,no,no,True,True,False,
2026-08-17,KXHIGHNY-26AUG17,KXHIGHNY-26AUG17-B90.5,between,90,91,the_weather_company,9b37113b3e72ddaf,no,81.00,0.0000,81,2026-08-18T06:17:00+00:00,CDUS41 KOKX 180617,first final report with data,no,no,True,True,False,
2026-08-17,KXHIGHNY-26AUG17,KXHIGHNY-26AUG17-T84,less,,84,the_weather_company,fd28ca2bb6af33ed,yes,81.00,1.0000,81,2026-08-18T06:17:00+00:00,CDUS41 KOKX 180617,first final report with data,yes,yes,True,True,False,
2026-08-17,KXHIGHNY-26AUG17,KXHIGHNY-26AUG17-T91,greater,91,,the_weather_company,55554560a94dc8e8,no,81.00,0.0000,81,2026-08-18T06:17:00+00:00,CDUS41 KOKX 180617,first final report with data,no,no,True,True,False,
2026-08-18,KXHIGHNY-26AUG18,KXHIGHNY-26AUG18-B85.5,between,85,86,the_weather_company,e3b7734cab93140f,yes,86.00,1.0000,86,2026-08-19T06:17:00+00:00,CDUS41 KOKX 190617,first final report with data,yes,yes,True,True,False,
2026-08-18,KXHIGHNY-26AUG18,KXHIGHNY-26AUG18-B87.5,between,87,88,the_weather_company,25115ece52f9ed75,no,86.00,0.0000,86,2026-08-19T06:17:00+00:00,CDUS41 KOKX 190617,first final report with data,no,no,True,True,False,
2026-08-18,KXHIGHNY-26AUG18,KXHIGHNY-26AUG18-B89.5,between,89,90,the_weather_company,b85edc1999ea800a,no,86.00,0.0000,86,2026-08-19T06:17:00+00:00,CDUS41 KOKX 190617,first final report with data,no,no,True,True,False,
2026-08-18,KXHIGHNY-26AUG18,KXHIGHNY-26AUG18-B91.5,between,91,92,the_weather_company,aef09904569b3b40,no,86.00,0.0000,86,2026-08-19T06:17:00+00:00,CDUS41 KOKX 190617,first final report with data,no,no,True,True,False,
2026-08-18,KXHIGHNY-26AUG18,KXHIGHNY-26AUG18-T85,less,,85,the_weather_company,a465bdb3b0325a62,no,86.00,0.0000,86,2026-08-19T06:17:00+00:00,CDUS41 KOKX 190617,first final report with data,no,no,True,True,False,
2026-08-18,KXHIGHNY-26AUG18,KXHIGHNY-26AUG18-T92,greater,92,,the_weather_company,c6d81b3c37b62703,no,86.00,0.0000,86,2026-08-19T06:17:00+00:00,CDUS41 KOKX 190617,first final report with data,no,no,True,True,False,
2026-08-19,KXHIGHNY-26AUG19,KXHIGHNY-26AUG19-B85.5,between,85,86,the_weather_company,38af978eb79fb6df,yes,85.00,1.0000,85,2026-08-20T06:44:00+00:00,CDUS41 KOKX 200644,first final report with data,yes,yes,True,True,False,
2026-08-19,KXHIGHNY-26AUG19,KXHIGHNY-26AUG19-B87.5,between,87,88,the_weather_company,0f5a5a609f52fae7,no,85.00,0.0000,85,2026-08-20T06:44:00+00:00,CDUS41 KOKX 200644,first final report with data,no,no,True,True,False,
2026-08-19,KXHIGHNY-26AUG19,KXHIGHNY-26AUG19-B89.5,between,89,90,the_weather_company,61dc67464db3c8bc,no,85.00,0.0000,85,2026-08-20T06:44:00+00:00,CDUS41 KOKX 200644,first final report with data,no,no,True,True,False,
2026-08-19,KXHIGHNY-26AUG19,KXHIGHNY-26AUG19-B91.5,between,91,92,the_weather_company,080dea1b93a66fe6,no,85.00,0.0000,85,2026-08-20T06:44:00+00:00,CDUS41 KOKX 200644,first final report with data,no,no,True,True,False,
2026-08-19,KXHIGHNY-26AUG19,KXHIGHNY-26AUG19-T85,less,,85,the_weather_company,b5667e4d6e61c66f,no,85.00,0.0000,85,2026-08-20T06:44:00+00:00,CDUS41 KOKX 200644,first final report with data,no,no,True,True,False,
2026-08-19,KXHIGHNY-26AUG19,KXHIGHNY-26AUG19-T92,greater,92,,the_weather_company,7e92a0d9185ad7ca,no,85.00,0.0000,85,2026-08-20T06:44:00+00:00,CDUS41 KOKX 200644,first final report with data,no,no,True,True,False,
2026-08-20,KXHIGHNY-26AUG20,KXHIGHNY-26AUG20-B78.5,between,78,79,the_weather_company,b0b19afe0411bd26,no,84.00,0.0000,84,2026-08-21T06:27:00+00:00,CDUS41 KOKX 210627,first final report with data,no,no,True,True,False,
2026-08-20,KXHIGHNY-26AUG20,KXHIGHNY-26AUG20-B80.5,between,80,81,the_weather_company,ecbfc9cfa6145e00,no,84.00,0.0000,84,2026-08-21T06:27:00+00:00,CDUS41 KOKX 210627,first final report with data,no,no,True,True,False,
2026-08-20,KXHIGHNY-26AUG20,KXHIGHNY-26AUG20-B82.5,between,82,83,the_weather_company,604bc48e04463484,no,84.00,0.0000,84,2026-08-21T06:27:00+00:00,CDUS41 KOKX 210627,first final report with data,no,no,True,True,False,
2026-08-20,KXHIGHNY-26AUG20,KXHIGHNY-26AUG20-B84.5,between,84,85,the_weather_company,f13e9bfde71753b7,yes,84.00,1.0000,84,2026-08-21T06:27:00+00:00,CDUS41 KOKX 210627,first final report with data,yes,yes,True,True,False,
2026-08-20,KXHIGHNY-26AUG20,KXHIGHNY-26AUG20-T78,less,,78,the_weather_company,65bfffe465d29634,no,84.00,0.0000,84,2026-08-21T06:27:00+00:00,CDUS41 KOKX 210627,first final report with data,no,no,True,True,False,
2026-08-20,KXHIGHNY-26AUG20,KXHIGHNY-26AUG20-T85,greater,85,,the_weather_company,70009fa7347dda26,no,84.00,0.0000,84,2026-08-21T06:27:00+00:00,CDUS41 KOKX 210627,first final report with data,no,no,True,True,False,
2026-08-21,KXHIGHNY-26AUG21,KXHIGHNY-26AUG21-B77.5,between,77,78,the_weather_company,6d65a95cbdbf3518,no,79.00,0.0000,79,2026-08-22T06:26:00+00:00,CDUS41 KOKX 220626,first final report with data,no,no,True,True,False,
2026-08-21,KXHIGHNY-26AUG21,KXHIGHNY-26AUG21-B79.5,between,79,80,the_weather_company,73e6eed37ac7aa02,yes,79.00,1.0000,79,2026-08-22T06:26:00+00:00,CDUS41 KOKX 220626,first final report with data,yes,yes,True,True,False,
2026-08-21,KXHIGHNY-26AUG21,KXHIGHNY-26AUG21-B81.5,between,81,82,the_weather_company,dd6f90094bffbd72,no,79.00,0.0000,79,2026-08-22T06:26:00+00:00,CDUS41 KOKX 220626,first final report with data,no,no,True,True,False,
2026-08-21,KXHIGHNY-26AUG21,KXHIGHNY-26AUG21-B83.5,between,83,84,the_weather_company,5adc70d4a5465460,no,79.00,0.0000,79,2026-08-22T06:26:00+00:00,CDUS41 KOKX 220626,first final report with data,no,no,True,True,False,
2026-08-21,KXHIGHNY-26AUG21,KXHIGHNY-26AUG21-T77,less,,77,the_weather_company,030e754ba697e45a,no,79.00,0.0000,79,2026-08-22T06:26:00+00:00,CDUS41 KOKX 220626,first final report with data,no,no,True,True,False,
2026-08-21,KXHIGHNY-26AUG21,KXHIGHNY-26AUG21-T84,greater,84,,the_weather_company,3d4a49c98e2bf7d8,no,79.00,0.0000,79,2026-08-22T06:26:00+00:00,CDUS41 KOKX 220626,first final report with data,no,no,True,True,False,
2026-08-22,KXHIGHNY-26AUG22,KXHIGHNY-26AUG22-B73.5,between,73,74,the_weather_company,474a223384082061,no,77.00,0.0000,77,2026-08-23T06:33:00+00:00,CDUS41 KOKX 230633,first final report with data,no,no,True,True,False,
2026-08-22,KXHIGHNY-26AUG22,KXHIGHNY-26AUG22-B75.5,between,75,76,the_weather_company,542cdf8ce5dc6c28,no,77.00,0.0000,77,2026-08-23T06:33:00+00:00,CDUS41 KOKX 230633,first final report with data,no,no,True,True,False,
2026-08-22,KXHIGHNY-26AUG22,KXHIGHNY-26AUG22-B77.5,between,77,78,the_weather_company,f454d5f39c6bc71d,yes,77.00,1.0000,77,2026-08-23T06:33:00+00:00,CDUS41 KOKX 230633,first final report with data,yes,yes,True,True,False,
2026-08-22,KXHIGHNY-26AUG22,KXHIGHNY-26AUG22-B79.5,between,79,80,the_weather_company,d46128339bee3d17,no,77.00,0.0000,77,2026-08-23T06:33:00+00:00,CDUS41 KOKX 230633,first final report with data,no,no,True,True,False,
2026-08-22,KXHIGHNY-26AUG22,KXHIGHNY-26AUG22-T73,less,,73,the_weather_company,0cc724b9d5eed933,no,77.00,0.0000,77,2026-08-23T06:33:00+00:00,CDUS41 KOKX 230633,first final report with data,no,no,True,True,False,
2026-08-22,KXHIGHNY-26AUG22,KXHIGHNY-26AUG22-T80,greater,80,,the_weather_company,52b29e8a78b1c27c,no,77.00,0.0000,77,2026-08-23T06:33:00+00:00,CDUS41 KOKX 230633,first final report with data,no,no,True,True,False,
2026-08-23,KXHIGHNY-26AUG23,KXHIGHNY-26AUG23-B80.5,between,80,81,the_weather_company,eb760caac0953014,yes,80.00,1.0000,80,2026-08-24T06:32:00+00:00,CDUS41 KOKX 240632,first final report with data,yes,yes,True,True,False,
2026-08-23,KXHIGHNY-26AUG23,KXHIGHNY-26AUG23-B82.5,between,82,83,the_weather_company,e5ff8bd5fa1c5a02,no,80.00,0.0000,80,2026-08-24T06:32:00+00:00,CDUS41 KOKX 240632,first final report with data,no,no,True,True,False,
2026-08-23,KXHIGHNY-26AUG23,KXHIGHNY-26AUG23-B84.5,between,84,85,the_weather_company,7358e8a93ab46dad,no,80.00,0.0000,80,2026-08-24T06:32:00+00:00,CDUS41 KOKX 240632,first final report with data,no,no,True,True,False,
2026-08-23,KXHIGHNY-26AUG23,KXHIGHNY-26AUG23-B86.5,between,86,87,the_weather_company,7f8b7a3e1719d666,no,80.00,0.0000,80,2026-08-24T06:32:00+00:00,CDUS41 KOKX 240632,first final report with data,no,no,True,True,False,
2026-08-23,KXHIGHNY-26AUG23,KXHIGHNY-26AUG23-T80,less,,80,the_weather_company,dfd4f4f8cffef584,no,80.00,0.0000,80,2026-08-24T06:32:00+00:00,CDUS41 KOKX 240632,first final report with data,no,no,True,True,False,
2026-08-23,KXHIGHNY-26AUG23,KXHIGHNY-26AUG23-T87,greater,87,,the_weather_company,065d7a1111fd1841,no,80.00,0.0000,80,2026-08-24T06:32:00+00:00,CDUS41 KOKX 240632,first final report with data,no,no,True,True,False,
2026-08-24,KXHIGHNY-26AUG24,KXHIGHNY-26AUG24-B78.5,between,78,79,the_weather_company,cc97624ff0bcbfdb,yes,79.00,1.0000,79,2026-08-25T06:20:00+00:00,CDUS41 KOKX 250620,first final report with data,yes,yes,True,True,False,
2026-08-24,KXHIGHNY-26AUG24,KXHIGHNY-26AUG24-B80.5,between,80,81,the_weather_company,3445643d80197946,no,79.00,0.0000,79,2026-08-25T06:20:00+00:00,CDUS41 KOKX 250620,first final report with data,no,no,True,True,False,
2026-08-24,KXHIGHNY-26AUG24,KXHIGHNY-26AUG24-B82.5,between,82,83,the_weather_company,1a1ee3e20e424e04,no,79.00,0.0000,79,2026-08-25T06:20:00+00:00,CDUS41 KOKX 250620,first final report with data,no,no,True,True,False,
2026-08-24,KXHIGHNY-26AUG24,KXHIGHNY-26AUG24-B84.5,between,84,85,the_weather_company,e41e47860a193b36,no,79.00,0.0000,79,2026-08-25T06:20:00+00:00,CDUS41 KOKX 250620,first final report with data,no,no,True,True,False,
2026-08-24,KXHIGHNY-26AUG24,KXHIGHNY-26AUG24-T78,less,,78,the_weather_company,78eae5e87407136e,no,79.00,0.0000,79,2026-08-25T06:20:00+00:00,CDUS41 KOKX 250620,first final report with data,no,no,True,True,False,
2026-08-24,KXHIGHNY-26AUG24,KXHIGHNY-26AUG24-T85,greater,85,,the_weather_company,f25725947c08bd0e,no,79.00,0.0000,79,2026-08-25T06:20:00+00:00,CDUS41 KOKX 250620,first final report with data,no,no,True,True,False,
2026-08-25,KXHIGHNY-26AUG25,KXHIGHNY-26AUG25-B79.5,between,79,80,the_weather_company,07c4b05aa74d04f4,no,78.00,0.0000,78,2026-08-26T06:35:00+00:00,CDUS41 KOKX 260635,first final report with data,no,no,True,True,False,
2026-08-25,KXHIGHNY-26AUG25,KXHIGHNY-26AUG25-B81.5,between,81,82,the_weather_company,eda2cd827dcfb0db,no,78.00,0.0000,78,2026-08-26T06:35:00+00:00,CDUS41 KOKX 260635,first final report with data,no,no,True,True,False,
2026-08-25,KXHIGHNY-26AUG25,KXHIGHNY-26AUG25-B83.5,between,83,84,the_weather_company,81dce360aa8e2559,no,78.00,0.0000,78,2026-08-26T06:35:00+00:00,CDUS41 KOKX 260635,first final report with data,no,no,True,True,False,
2026-08-25,KXHIGHNY-26AUG25,KXHIGHNY-26AUG25-B85.5,between,85,86,the_weather_company,13a7e49779bc0fc1,no,78.00,0.0000,78,2026-08-26T06:35:00+00:00,CDUS41 KOKX 260635,first final report with data,no,no,True,True,False,
2026-08-25,KXHIGHNY-26AUG25,KXHIGHNY-26AUG25-T79,less,,79,the_weather_company,4be65a98396a1139,yes,78.00,1.0000,78,2026-08-26T06:35:00+00:00,CDUS41 KOKX 260635,first final report with data,yes,yes,True,True,False,
2026-08-25,KXHIGHNY-26AUG25,KXHIGHNY-26AUG25-T86,greater,86,,the_weather_company,8129acd0a1fd5f51,no,78.00,0.0000,78,2026-08-26T06:35:00+00:00,CDUS41 KOKX 260635,first final report with data,no,no,True,True,False,
2026-08-26,KXHIGHNY-26AUG26,KXHIGHNY-26AUG26-B80.5,between,80,81,the_weather_company,422ca7a2d0b02ed1,yes,81.00,1.0000,81,2026-08-27T06:22:00+00:00,CDUS41 KOKX 270622,first final report with data,yes,yes,True,True,False,
2026-08-26,KXHIGHNY-26AUG26,KXHIGHNY-26AUG26-B82.5,between,82,83,the_weather_company,5555982f86b3f4bc,no,81.00,0.0000,81,2026-08-27T06:22:00+00:00,CDUS41 KOKX 270622,first final report with data,no,no,True,True,False,
2026-08-26,KXHIGHNY-26AUG26,KXHIGHNY-26AUG26-B84.5,between,84,85,the_weather_company,a37cf0395c6ee666,no,81.00,0.0000,81,2026-08-27T06:22:00+00:00,CDUS41 KOKX 270622,first final report with data,no,no,True,True,False,
2026-08-26,KXHIGHNY-26AUG26,KXHIGHNY-26AUG26-B86.5,between,86,87,the_weather_company,7a7d69e6242276e5,no,81.00,0.0000,81,2026-08-27T06:22:00+00:00,CDUS41 KOKX 270622,first final report with data,no,no,True,True,False,
2026-08-26,KXHIGHNY-26AUG26,KXHIGHNY-26AUG26-T80,less,,80,the_weather_company,14dd0d563e1c20e6,no,81.00,0.0000,81,2026-08-27T06:22:00+00:00,CDUS41 KOKX 270622,first final report with data,no,no,True,True,False,
2026-08-26,KXHIGHNY-26AUG26,KXHIGHNY-26AUG26-T87,greater,87,,the_weather_company,358a689665a5ff67,no,81.00,0.0000,81,2026-08-27T06:22:00+00:00,CDUS41 KOKX 270622,first final report with data,no,no,True,True,False,
2026-08-27,KXHIGHNY-26AUG27,KXHIGHNY-26AUG27-B80.5,between,80,81,the_weather_company,a8bcaa8f3ca3c26b,no,77.00,0.0000,77,2026-08-28T06:57:00+00:00,CDUS41 KOKX 280657,delayed determination: first final (77) lower than an earlier report; latest final by 2026-08-28T15:00:00+00:00 used,no,no,True,True,False,
2026-08-27,KXHIGHNY-26AUG27,KXHIGHNY-26AUG27-B82.5,between,82,83,the_weather_company,fbeeacc0fced7533,no,77.00,0.0000,77,2026-08-28T06:57:00+00:00,CDUS41 KOKX 280657,delayed determination: first final (77) lower than an earlier report; latest final by 2026-08-28T15:00:00+00:00 used,no,no,True,True,False,
2026-08-27,KXHIGHNY-26AUG27,KXHIGHNY-26AUG27-B84.5,between,84,85,the_weather_company,b14a174b6bcaa5ab,no,77.00,0.0000,77,2026-08-28T06:57:00+00:00,CDUS41 KOKX 280657,delayed determination: first final (77) lower than an earlier report; latest final by 2026-08-28T15:00:00+00:00 used,no,no,True,True,False,
2026-08-27,KXHIGHNY-26AUG27,KXHIGHNY-26AUG27-B86.5,between,86,87,the_weather_company,8082cd8d32facc51,no,77.00,0.0000,77,2026-08-28T06:57:00+00:00,CDUS41 KOKX 280657,delayed determination: first final (77) lower than an earlier report; latest final by 2026-08-28T15:00:00+00:00 used,no,no,True,True,False,
2026-08-27,KXHIGHNY-26AUG27,KXHIGHNY-26AUG27-T80,less,,80,the_weather_company,a327b8095ee9cd2c,yes,77.00,1.0000,77,2026-08-28T06:57:00+00:00,CDUS41 KOKX 280657,delayed determination: first final (77) lower than an earlier report; latest final by 2026-08-28T15:00:00+00:00 used,yes,yes,True,True,False,
2026-08-27,KXHIGHNY-26AUG27,KXHIGHNY-26AUG27-T87,greater,87,,the_weather_company,0e81c0fb56215b1a,no,77.00,0.0000,77,2026-08-28T06:57:00+00:00,CDUS41 KOKX 280657,delayed determination: first final (77) lower than an earlier report; latest final by 2026-08-28T15:00:00+00:00 used,no,no,True,True,False,
2026-08-28,KXHIGHNY-26AUG28,KXHIGHNY-26AUG28-B80.5,between,80,81,the_weather_company,ceb271d47b5fc824,no,84.00,0.0000,84,2026-08-29T06:21:00+00:00,CDUS41 KOKX 290621,first final report with data,no,no,True,True,False,
2026-08-28,KXHIGHNY-26AUG28,KXHIGHNY-26AUG28-B82.5,between,82,83,the_weather_company,095eb91d8fdf0d71,no,84.00,0.0000,84,2026-08-29T06:21:00+00:00,CDUS41 KOKX 290621,first final report with data,no,no,True,True,False,
2026-08-28,KXHIGHNY-26AUG28,KXHIGHNY-26AUG28-B84.5,between,84,85,the_weather_company,92b00ad6614c8d13,yes,84.00,1.0000,84,2026-08-29T06:21:00+00:00,CDUS41 KOKX 290621,first final report with data,yes,yes,True,True,False,
2026-08-28,KXHIGHNY-26AUG28,KXHIGHNY-26AUG28-B86.5,between,86,87,the_weather_company,b9a86f73defc67de,no,84.00,0.0000,84,2026-08-29T06:21:00+00:00,CDUS41 KOKX 290621,first final report with data,no,no,True,True,False,
2026-08-28,KXHIGHNY-26AUG28,KXHIGHNY-26AUG28-T80,less,,80,the_weather_company,1932a1d17941e2b4,no,84.00,0.0000,84,2026-08-29T06:21:00+00:00,CDUS41 KOKX 290621,first final report with data,no,no,True,True,False,
2026-08-28,KXHIGHNY-26AUG28,KXHIGHNY-26AUG28-T87,greater,87,,the_weather_company,52d38c825d743f1c,no,84.00,0.0000,84,2026-08-29T06:21:00+00:00,CDUS41 KOKX 290621,first final report with data,no,no,True,True,False,
2026-08-29,KXHIGHNY-26AUG29,KXHIGHNY-26AUG29-B79.5,between,79,80,the_weather_company,3ddf932fbd3c9164,no,76.00,0.0000,76,2026-08-30T06:42:00+00:00,CDUS41 KOKX 300642,first final report with data,no,no,True,True,False,
2026-08-29,KXHIGHNY-26AUG29,KXHIGHNY-26AUG29-B81.5,between,81,82,the_weather_company,654973b53ec0017d,no,76.00,0.0000,76,2026-08-30T06:42:00+00:00,CDUS41 KOKX 300642,first final report with data,no,no,True,True,False,
2026-08-29,KXHIGHNY-26AUG29,KXHIGHNY-26AUG29-B83.5,between,83,84,the_weather_company,b498e7b8261f424e,no,76.00,0.0000,76,2026-08-30T06:42:00+00:00,CDUS41 KOKX 300642,first final report with data,no,no,True,True,False,
2026-08-29,KXHIGHNY-26AUG29,KXHIGHNY-26AUG29-B85.5,between,85,86,the_weather_company,1d1d77c948ea88de,no,76.00,0.0000,76,2026-08-30T06:42:00+00:00,CDUS41 KOKX 300642,first final report with data,no,no,True,True,False,
2026-08-29,KXHIGHNY-26AUG29,KXHIGHNY-26AUG29-T79,less,,79,the_weather_company,77ea631e2725a830,yes,76.00,1.0000,76,2026-08-30T06:42:00+00:00,CDUS41 KOKX 300642,first final report with data,yes,yes,True,True,False,
2026-08-29,KXHIGHNY-26AUG29,KXHIGHNY-26AUG29-T86,greater,86,,the_weather_company,61fa41a0145fca10,no,76.00,0.0000,76,2026-08-30T06:42:00+00:00,CDUS41 KOKX 300642,first final report with data,no,no,True,True,False,
2026-08-30,KXHIGHNY-26AUG30,KXHIGHNY-26AUG30-B82.5,between,82,83,the_weather_company,0f5989dbd94266cc,no,79.00,0.0000,79,2026-08-31T06:21:00+00:00,CDUS41 KOKX 310621,first final report with data,no,no,True,True,False,
2026-08-30,KXHIGHNY-26AUG30,KXHIGHNY-26AUG30-B84.5,between,84,85,the_weather_company,f40bec681da9df73,no,79.00,0.0000,79,2026-08-31T06:21:00+00:00,CDUS41 KOKX 310621,first final report with data,no,no,True,True,False,
2026-08-30,KXHIGHNY-26AUG30,KXHIGHNY-26AUG30-B86.5,between,86,87,the_weather_company,a211e15a30ed22bd,no,79.00,0.0000,79,2026-08-31T06:21:00+00:00,CDUS41 KOKX 310621,first final report with data,no,no,True,True,False,
2026-08-30,KXHIGHNY-26AUG30,KXHIGHNY-26AUG30-B88.5,between,88,89,the_weather_company,8289342393527ee1,no,79.00,0.0000,79,2026-08-31T06:21:00+00:00,CDUS41 KOKX 310621,first final report with data,no,no,True,True,False,
2026-08-30,KXHIGHNY-26AUG30,KXHIGHNY-26AUG30-T82,less,,82,the_weather_company,a40a836aabb88362,yes,79.00,1.0000,79,2026-08-31T06:21:00+00:00,CDUS41 KOKX 310621,first final report with data,yes,yes,True,True,False,
2026-08-30,KXHIGHNY-26AUG30,KXHIGHNY-26AUG30-T89,greater,89,,the_weather_company,eb5ae66c5aa35957,no,79.00,0.0000,79,2026-08-31T06:21:00+00:00,CDUS41 KOKX 310621,first final report with data,no,no,True,True,False,
2026-08-31,KXHIGHNY-26AUG31,KXHIGHNY-26AUG31-B78.5,between,78,79,the_weather_company,4b70492f9354345b,yes,78.00,1.0000,78,2026-09-01T06:22:00+00:00,CDUS41 KOKX 010622,first final report with data,yes,yes,True,True,False,
2026-08-31,KXHIGHNY-26AUG31,KXHIGHNY-26AUG31-B80.5,between,80,81,the_weather_company,d8d58d0d9587fd6f,no,78.00,0.0000,78,2026-09-01T06:22:00+00:00,CDUS41 KOKX 010622,first final report with data,no,no,True,True,False,
2026-08-31,KXHIGHNY-26AUG31,KXHIGHNY-26AUG31-B82.5,between,82,83,the_weather_company,4660d6740e5526c5,no,78.00,0.0000,78,2026-09-01T06:22:00+00:00,CDUS41 KOKX 010622,first final report with data,no,no,True,True,False,
2026-08-31,KXHIGHNY-26AUG31,KXHIGHNY-26AUG31-B84.5,between,84,85,the_weather_company,72cae17e4aba8ebb,no,78.00,0.0000,78,2026-09-01T06:22:00+00:00,CDUS41 KOKX 010622,first final report with data,no,no,True,True,False,
2026-08-31,KXHIGHNY-26AUG31,KXHIGHNY-26AUG31-T78,less,,78,the_weather_company,5c78e6e742405ef4,no,78.00,0.0000,78,2026-09-01T06:22:00+00:00,CDUS41 KOKX 010622,first final report with data,no,no,True,True,False,
2026-08-31,KXHIGHNY-26AUG31,KXHIGHNY-26AUG31-T85,greater,85,,the_weather_company,d878a6b0df507fa4,no,78.00,0.0000,78,2026-09-01T06:22:00+00:00,CDUS41 KOKX 010622,first final report with data,no,no,True,True,False,
2026-09-01,KXHIGHNY-26SEP01,KXHIGHNY-26SEP01-B83.5,between,83,84,the_weather_company,1dc529b3893de5ef,no,82.00,0.0000,82,2026-09-02T06:21:00+00:00,CDUS41 KOKX 020621,first final report with data,no,no,True,True,False,
2026-09-01,KXHIGHNY-26SEP01,KXHIGHNY-26SEP01-B85.5,between,85,86,the_weather_company,853959dc834cb74a,no,82.00,0.0000,82,2026-09-02T06:21:00+00:00,CDUS41 KOKX 020621,first final report with data,no,no,True,True,False,
2026-09-01,KXHIGHNY-26SEP01,KXHIGHNY-26SEP01-B87.5,between,87,88,the_weather_company,15587db6ac6081b4,no,82.00,0.0000,82,2026-09-02T06:21:00+00:00,CDUS41 KOKX 020621,first final report with data,no,no,True,True,False,
2026-09-01,KXHIGHNY-26SEP01,KXHIGHNY-26SEP01-B89.5,between,89,90,the_weather_company,15c662699ad41126,no,82.00,0.0000,82,2026-09-02T06:21:00+00:00,CDUS41 KOKX 020621,first final report with data,no,no,True,True,False,
2026-09-01,KXHIGHNY-26SEP01,KXHIGHNY-26SEP01-T83,less,,83,the_weather_company,3bc00021b31a3662,yes,82.00,1.0000,82,2026-09-02T06:21:00+00:00,CDUS41 KOKX 020621,first final report with data,yes,yes,True,True,False,
2026-09-01,KXHIGHNY-26SEP01,KXHIGHNY-26SEP01-T90,greater,90,,the_weather_company,f0477ae70f39ff8e,no,82.00,0.0000,82,2026-09-02T06:21:00+00:00,CDUS41 KOKX 020621,first final report with data,no,no,True,True,False,
2026-09-02,KXHIGHNY-26SEP02,KXHIGHNY-26SEP02-B75.5,between,75,76,the_weather_company,de568029a1d67458,no,71.00,0.0000,71,2026-09-03T06:26:00+00:00,CDUS41 KOKX 030626,first final report with data,no,no,True,True,False,
2026-09-02,KXHIGHNY-26SEP02,KXHIGHNY-26SEP02-B77.5,between,77,78,the_weather_company,46170a24b979d100,no,71.00,0.0000,71,2026-09-03T06:26:00+00:00,CDUS41 KOKX 030626,first final report with data,no,no,True,True,False,
2026-09-02,KXHIGHNY-26SEP02,KXHIGHNY-26SEP02-B79.5,between,79,80,the_weather_company,2e07bdc113eea353,no,71.00,0.0000,71,2026-09-03T06:26:00+00:00,CDUS41 KOKX 030626,first final report with data,no,no,True,True,False,
2026-09-02,KXHIGHNY-26SEP02,KXHIGHNY-26SEP02-B81.5,between,81,82,the_weather_company,ea36afd660ce96ff,no,71.00,0.0000,71,2026-09-03T06:26:00+00:00,CDUS41 KOKX 030626,first final report with data,no,no,True,True,False,
2026-09-02,KXHIGHNY-26SEP02,KXHIGHNY-26SEP02-T75,less,,75,the_weather_company,b0a6dc12d5277986,yes,71.00,1.0000,71,2026-09-03T06:26:00+00:00,CDUS41 KOKX 030626,first final report with data,yes,yes,True,True,False,
2026-09-02,KXHIGHNY-26SEP02,KXHIGHNY-26SEP02-T82,greater,82,,the_weather_company,ef280d612653bd6e,no,71.00,0.0000,71,2026-09-03T06:26:00+00:00,CDUS41 KOKX 030626,first final report with data,no,no,True,True,False,
2026-09-03,KXHIGHNY-26SEP03,KXHIGHNY-26SEP03-B83.5,between,83,84,the_weather_company,1113ce38169119f8,yes,84.00,1.0000,84,2026-09-04T06:25:00+00:00,CDUS41 KOKX 040625,first final report with data,yes,yes,True,True,False,
2026-09-03,KXHIGHNY-26SEP03,KXHIGHNY-26SEP03-B85.5,between,85,86,the_weather_company,ba2fc602ef7cd000,no,84.00,0.0000,84,2026-09-04T06:25:00+00:00,CDUS41 KOKX 040625,first final report with data,no,no,True,True,False,
2026-09-03,KXHIGHNY-26SEP03,KXHIGHNY-26SEP03-B87.5,between,87,88,the_weather_company,4ebc4a1d88d1b95c,no,84.00,0.0000,84,2026-09-04T06:25:00+00:00,CDUS41 KOKX 040625,first final report with data,no,no,True,True,False,
2026-09-03,KXHIGHNY-26SEP03,KXHIGHNY-26SEP03-B89.5,between,89,90,the_weather_company,8bdded47f8407195,no,84.00,0.0000,84,2026-09-04T06:25:00+00:00,CDUS41 KOKX 040625,first final report with data,no,no,True,True,False,
2026-09-03,KXHIGHNY-26SEP03,KXHIGHNY-26SEP03-T83,less,,83,the_weather_company,a9d2b40c677de783,no,84.00,0.0000,84,2026-09-04T06:25:00+00:00,CDUS41 KOKX 040625,first final report with data,no,no,True,True,False,
2026-09-03,KXHIGHNY-26SEP03,KXHIGHNY-26SEP03-T90,greater,90,,the_weather_company,4af9555732079c0f,no,84.00,0.0000,84,2026-09-04T06:25:00+00:00,CDUS41 KOKX 040625,first final report with data,no,no,True,True,False,
2026-09-04,KXHIGHNY-26SEP04,KXHIGHNY-26SEP04-B82.5,between,82,83,the_weather_company,fc944cd552904ded,no,84.00,0.0000,84,2026-09-05T06:42:00+00:00,CDUS41 KOKX 050642,first final report with data,no,no,True,True,False,
2026-09-04,KXHIGHNY-26SEP04,KXHIGHNY-26SEP04-B84.5,between,84,85,the_weather_company,4688c0f30af6854d,yes,84.00,1.0000,84,2026-09-05T06:42:00+00:00,CDUS41 KOKX 050642,first final report with data,yes,yes,True,True,False,
2026-09-04,KXHIGHNY-26SEP04,KXHIGHNY-26SEP04-B86.5,between,86,87,the_weather_company,ddf7eb6ed1d2e3e0,no,84.00,0.0000,84,2026-09-05T06:42:00+00:00,CDUS41 KOKX 050642,first final report with data,no,no,True,True,False,
2026-09-04,KXHIGHNY-26SEP04,KXHIGHNY-26SEP04-B88.5,between,88,89,the_weather_company,099af8b048112b66,no,84.00,0.0000,84,2026-09-05T06:42:00+00:00,CDUS41 KOKX 050642,first final report with data,no,no,True,True,False,
2026-09-04,KXHIGHNY-26SEP04,KXHIGHNY-26SEP04-T82,less,,82,the_weather_company,7b76cce4a9cfc638,no,84.00,0.0000,84,2026-09-05T06:42:00+00:00,CDUS41 KOKX 050642,first final report with data,no,no,True,True,False,
2026-09-04,KXHIGHNY-26SEP04,KXHIGHNY-26SEP04-T89,greater,89,,the_weather_company,402edeada9c8a6d4,no,84.00,0.0000,84,2026-09-05T06:42:00+00:00,CDUS41 KOKX 050642,first final report with data,no,no,True,True,False,
2026-09-05,KXHIGHNY-26SEP05,KXHIGHNY-26SEP05-B79.5,between,79,80,the_weather_company,355e80be1050ca4f,yes,79.00,1.0000,79,2026-09-06T07:52:00+00:00,CDUS41 KOKX 060752,first final report with data,yes,yes,True,True,False,
2026-09-05,KXHIGHNY-26SEP05,KXHIGHNY-26SEP05-B81.5,between,81,82,the_weather_company,7966f85708315a75,no,79.00,0.0000,79,2026-09-06T07:52:00+00:00,CDUS41 KOKX 060752,first final report with data,no,no,True,True,False,
2026-09-05,KXHIGHNY-26SEP05,KXHIGHNY-26SEP05-B83.5,between,83,84,the_weather_company,4e43fc6d9be23979,no,79.00,0.0000,79,2026-09-06T07:52:00+00:00,CDUS41 KOKX 060752,first final report with data,no,no,True,True,False,
2026-09-05,KXHIGHNY-26SEP05,KXHIGHNY-26SEP05-B85.5,between,85,86,the_weather_company,d2fdd173487dadf2,no,79.00,0.0000,79,2026-09-06T07:52:00+00:00,CDUS41 KOKX 060752,first final report with data,no,no,True,True,False,
2026-09-05,KXHIGHNY-26SEP05,KXHIGHNY-26SEP05-T79,less,,79,the_weather_company,37249479bfb4d4cb,no,79.00,0.0000,79,2026-09-06T07:52:00+00:00,CDUS41 KOKX 060752,first final report with data,no,no,True,True,False,
2026-09-05,KXHIGHNY-26SEP05,KXHIGHNY-26SEP05-T86,greater,86,,the_weather_company,7d6f53aac3443975,no,79.00,0.0000,79,2026-09-06T07:52:00+00:00,CDUS41 KOKX 060752,first final report with data,no,no,True,True,False,
2026-09-06,KXHIGHNY-26SEP06,KXHIGHNY-26SEP06-B73.5,between,73,74,the_weather_company,b6d7ad5fefd001bd,no,76.00,0.0000,76,2026-09-07T06:31:00+00:00,CDUS41 KOKX 070631,first final report with data,no,no,True,True,False,
2026-09-06,KXHIGHNY-26SEP06,KXHIGHNY-26SEP06-B75.5,between,75,76,the_weather_company,2425c9ad65cab636,yes,76.00,1.0000,76,2026-09-07T06:31:00+00:00,CDUS41 KOKX 070631,first final report with data,yes,yes,True,True,False,
2026-09-06,KXHIGHNY-26SEP06,KXHIGHNY-26SEP06-B77.5,between,77,78,the_weather_company,9a8bef559773adb8,no,76.00,0.0000,76,2026-09-07T06:31:00+00:00,CDUS41 KOKX 070631,first final report with data,no,no,True,True,False,
2026-09-06,KXHIGHNY-26SEP06,KXHIGHNY-26SEP06-B79.5,between,79,80,the_weather_company,bf7cab984d821e2f,no,76.00,0.0000,76,2026-09-07T06:31:00+00:00,CDUS41 KOKX 070631,first final report with data,no,no,True,True,False,
2026-09-06,KXHIGHNY-26SEP06,KXHIGHNY-26SEP06-T73,less,,73,the_weather_company,eb3ed82c61e3af43,no,76.00,0.0000,76,2026-09-07T06:31:00+00:00,CDUS41 KOKX 070631,first final report with data,no,no,True,True,False,
2026-09-06,KXHIGHNY-26SEP06,KXHIGHNY-26SEP06-T80,greater,80,,the_weather_company,35286a4867b93eb7,no,76.00,0.0000,76,2026-09-07T06:31:00+00:00,CDUS41 KOKX 070631,first final report with data,no,no,True,True,False,
2026-09-07,KXHIGHNY-26SEP07,KXHIGHNY-26SEP07-B77.5,between,77,78,the_weather_company,b2028eacae11c41c,yes,78.00,1.0000,78,2026-09-08T06:20:00+00:00,CDUS41 KOKX 080620,first final report with data,yes,yes,True,True,False,
2026-09-07,KXHIGHNY-26SEP07,KXHIGHNY-26SEP07-B79.5,between,79,80,the_weather_company,ca9c75f5a810096a,no,78.00,0.0000,78,2026-09-08T06:20:00+00:00,CDUS41 KOKX 080620,first final report with data,no,no,True,True,False,
2026-09-07,KXHIGHNY-26SEP07,KXHIGHNY-26SEP07-B81.5,between,81,82,the_weather_company,fc1d984fc55a7317,no,78.00,0.0000,78,2026-09-08T06:20:00+00:00,CDUS41 KOKX 080620,first final report with data,no,no,True,True,False,
2026-09-07,KXHIGHNY-26SEP07,KXHIGHNY-26SEP07-B83.5,between,83,84,the_weather_company,df88bef4e5f36fb2,no,78.00,0.0000,78,2026-09-08T06:20:00+00:00,CDUS41 KOKX 080620,first final report with data,no,no,True,True,False,
2026-09-07,KXHIGHNY-26SEP07,KXHIGHNY-26SEP07-T77,less,,77,the_weather_company,85037ddeeeaf8748,no,78.00,0.0000,78,2026-09-08T06:20:00+00:00,CDUS41 KOKX 080620,first final report with data,no,no,True,True,False,
2026-09-07,KXHIGHNY-26SEP07,KXHIGHNY-26SEP07-T84,greater,84,,the_weather_company,c5523c3cdaffb936,no,78.00,0.0000,78,2026-09-08T06:20:00+00:00,CDUS41 KOKX 080620,first final report with data,no,no,True,True,False,
2026-09-08,KXHIGHNY-26SEP08,KXHIGHNY-26SEP08-B80.5,between,80,81,the_weather_company,29e4d92ca9866e19,yes,80.00,1.0000,80,2026-09-09T06:32:00+00:00,CDUS41 KOKX 090632,first final report with data,yes,yes,True,True,False,
2026-09-08,KXHIGHNY-26SEP08,KXHIGHNY-26SEP08-B82.5,between,82,83,the_weather_company,4824bdc1f2f2b3ba,no,80.00,0.0000,80,2026-09-09T06:32:00+00:00,CDUS41 KOKX 090632,first final report with data,no,no,True,True,False,
2026-09-08,KXHIGHNY-26SEP08,KXHIGHNY-26SEP08-B84.5,between,84,85,the_weather_company,442a91c02c1bcb75,no,80.00,0.0000,80,2026-09-09T06:32:00+00:00,CDUS41 KOKX 090632,first final report with data,no,no,True,True,False,
2026-09-08,KXHIGHNY-26SEP08,KXHIGHNY-26SEP08-B86.5,between,86,87,the_weather_company,06e93c00378201cd,no,80.00,0.0000,80,2026-09-09T06:32:00+00:00,CDUS41 KOKX 090632,first final report with data,no,no,True,True,False,
2026-09-08,KXHIGHNY-26SEP08,KXHIGHNY-26SEP08-T80,less,,80,the_weather_company,46528b927d1503ff,no,80.00,0.0000,80,2026-09-09T06:32:00+00:00,CDUS41 KOKX 090632,first final report with data,no,no,True,True,False,
2026-09-08,KXHIGHNY-26SEP08,KXHIGHNY-26SEP08-T87,greater,87,,the_weather_company,500c561a576f17fc,no,80.00,0.0000,80,2026-09-09T06:32:00+00:00,CDUS41 KOKX 090632,first final report with data,no,no,True,True,False,
2026-09-09,KXHIGHNY-26SEP09,KXHIGHNY-26SEP09-B84.5,between,84,85,the_weather_company,6053ebaa3cebda11,no,82.00,0.0000,82,2026-09-10T06:55:00+00:00,CDUS41 KOKX 100655,first final report with data,no,no,True,True,False,
2026-09-09,KXHIGHNY-26SEP09,KXHIGHNY-26SEP09-B86.5,between,86,87,the_weather_company,0112204ec972160d,no,82.00,0.0000,82,2026-09-10T06:55:00+00:00,CDUS41 KOKX 100655,first final report with data,no,no,True,True,False,
2026-09-09,KXHIGHNY-26SEP09,KXHIGHNY-26SEP09-B88.5,between,88,89,the_weather_company,2702c26706f53b8f,no,82.00,0.0000,82,2026-09-10T06:55:00+00:00,CDUS41 KOKX 100655,first final report with data,no,no,True,True,False,
2026-09-09,KXHIGHNY-26SEP09,KXHIGHNY-26SEP09-B90.5,between,90,91,the_weather_company,10f3512714d39338,no,82.00,0.0000,82,2026-09-10T06:55:00+00:00,CDUS41 KOKX 100655,first final report with data,no,no,True,True,False,
2026-09-09,KXHIGHNY-26SEP09,KXHIGHNY-26SEP09-T84,less,,84,the_weather_company,23116ce1ab5dbaed,yes,82.00,1.0000,82,2026-09-10T06:55:00+00:00,CDUS41 KOKX 100655,first final report with data,yes,yes,True,True,False,
2026-09-09,KXHIGHNY-26SEP09,KXHIGHNY-26SEP09-T91,greater,91,,the_weather_company,51ffc39b5bd9ff2d,no,82.00,0.0000,82,2026-09-10T06:55:00+00:00,CDUS41 KOKX 100655,first final report with data,no,no,True,True,False,
2026-09-10,KXHIGHNY-26SEP10,KXHIGHNY-26SEP10-B85.5,between,85,86,the_weather_company,5391ef7f6991e03e,no,84.00,0.0000,84,2026-09-11T06:19:00+00:00,CDUS41 KOKX 110619,first final report with data,no,no,True,True,False,
2026-09-10,KXHIGHNY-26SEP10,KXHIGHNY-26SEP10-B87.5,between,87,88,the_weather_company,612844097241c335,no,84.00,0.0000,84,2026-09-11T06:19:00+00:00,CDUS41 KOKX 110619,first final report with data,no,no,True,True,False,
2026-09-10,KXHIGHNY-26SEP10,KXHIGHNY-26SEP10-B89.5,between,89,90,the_weather_company,2665548aa775a781,no,84.00,0.0000,84,2026-09-11T06:19:00+00:00,CDUS41 KOKX 110619,first final report with data,no,no,True,True,False,
2026-09-10,KXHIGHNY-26SEP10,KXHIGHNY-26SEP10-B91.5,between,91,92,the_weather_company,c5c87106a6f5ba47,no,84.00,0.0000,84,2026-09-11T06:19:00+00:00,CDUS41 KOKX 110619,first final report with data,no,no,True,True,False,
2026-09-10,KXHIGHNY-26SEP10,KXHIGHNY-26SEP10-T85,less,,85,the_weather_company,237619eeae8ff5c2,yes,84.00,1.0000,84,2026-09-11T06:19:00+00:00,CDUS41 KOKX 110619,first final report with data,yes,yes,True,True,False,
2026-09-10,KXHIGHNY-26SEP10,KXHIGHNY-26SEP10-T92,greater,92,,the_weather_company,fea29b948074c243,no,84.00,0.0000,84,2026-09-11T06:19:00+00:00,CDUS41 KOKX 110619,first final report with data,no,no,True,True,False,
2026-09-11,KXHIGHNY-26SEP11,KXHIGHNY-26SEP11-B79.5,between,79,80,the_weather_company,89ae5af0dd36c07d,yes,79.00,1.0000,79,2026-09-12T06:26:00+00:00,CDUS41 KOKX 120626,first final report with data,yes,yes,True,True,False,
2026-09-11,KXHIGHNY-26SEP11,KXHIGHNY-26SEP11-B81.5,between,81,82,the_weather_company,4ea073b10ee4ed5b,no,79.00,0.0000,79,2026-09-12T06:26:00+00:00,CDUS41 KOKX 120626,first final report with data,no,no,True,True,False,
2026-09-11,KXHIGHNY-26SEP11,KXHIGHNY-26SEP11-B83.5,between,83,84,the_weather_company,886f87fd771706ac,no,79.00,0.0000,79,2026-09-12T06:26:00+00:00,CDUS41 KOKX 120626,first final report with data,no,no,True,True,False,
2026-09-11,KXHIGHNY-26SEP11,KXHIGHNY-26SEP11-B85.5,between,85,86,the_weather_company,9fdba71ad4f4e93f,no,79.00,0.0000,79,2026-09-12T06:26:00+00:00,CDUS41 KOKX 120626,first final report with data,no,no,True,True,False,
2026-09-11,KXHIGHNY-26SEP11,KXHIGHNY-26SEP11-T79,less,,79,the_weather_company,e2504d2c7370ec44,no,79.00,0.0000,79,2026-09-12T06:26:00+00:00,CDUS41 KOKX 120626,first final report with data,no,no,True,True,False,
2026-09-11,KXHIGHNY-26SEP11,KXHIGHNY-26SEP11-T86,greater,86,,the_weather_company,71858fdc98a584d9,no,79.00,0.0000,79,2026-09-12T06:26:00+00:00,CDUS41 KOKX 120626,first final report with data,no,no,True,True,False,
2026-09-12,KXHIGHNY-26SEP12,KXHIGHNY-26SEP12-B75.5,between,75,76,the_weather_company,e90c957eb8785a0c,no,78.00,0.0000,78,2026-09-13T06:34:00+00:00,CDUS41 KOKX 130634,first final report with data,no,no,True,True,False,
2026-09-12,KXHIGHNY-26SEP12,KXHIGHNY-26SEP12-B77.5,between,77,78,the_weather_company,a8d24388eb790c03,yes,78.00,1.0000,78,2026-09-13T06:34:00+00:00,CDUS41 KOKX 130634,first final report with data,yes,yes,True,True,False,
2026-09-12,KXHIGHNY-26SEP12,KXHIGHNY-26SEP12-B79.5,between,79,80,the_weather_company,3e4339f1ee67f08d,no,78.00,0.0000,78,2026-09-13T06:34:00+00:00,CDUS41 KOKX 130634,first final report with data,no,no,True,True,False,
2026-09-12,KXHIGHNY-26SEP12,KXHIGHNY-26SEP12-B81.5,between,81,82,the_weather_company,4c45aeedb457f648,no,78.00,0.0000,78,2026-09-13T06:34:00+00:00,CDUS41 KOKX 130634,first final report with data,no,no,True,True,False,
2026-09-12,KXHIGHNY-26SEP12,KXHIGHNY-26SEP12-T75,less,,75,the_weather_company,2918627a0bb052d6,no,78.00,0.0000,78,2026-09-13T06:34:00+00:00,CDUS41 KOKX 130634,first final report with data,no,no,True,True,False,
2026-09-12,KXHIGHNY-26SEP12,KXHIGHNY-26SEP12-T82,greater,82,,the_weather_company,c2bc51be88ddb441,no,78.00,0.0000,78,2026-09-13T06:34:00+00:00,CDUS41 KOKX 130634,first final report with data,no,no,True,True,False,
2026-09-13,KXHIGHNY-26SEP13,KXHIGHNY-26SEP13-B78.5,between,78,79,the_weather_company,83cdbadd54416a99,yes,79.00,1.0000,79,2026-09-14T06:22:00+00:00,CDUS41 KOKX 140622,first final report with data,yes,yes,True,True,False,
2026-09-13,KXHIGHNY-26SEP13,KXHIGHNY-26SEP13-B80.5,between,80,81,the_weather_company,6ce60512ae20b2af,no,79.00,0.0000,79,2026-09-14T06:22:00+00:00,CDUS41 KOKX 140622,first final report with data,no,no,True,True,False,
2026-09-13,KXHIGHNY-26SEP13,KXHIGHNY-26SEP13-B82.5,between,82,83,the_weather_company,175f6b42130fa852,no,79.00,0.0000,79,2026-09-14T06:22:00+00:00,CDUS41 KOKX 140622,first final report with data,no,no,True,True,False,
2026-09-13,KXHIGHNY-26SEP13,KXHIGHNY-26SEP13-B84.5,between,84,85,the_weather_company,74f1d16442faa369,no,79.00,0.0000,79,2026-09-14T06:22:00+00:00,CDUS41 KOKX 140622,first final report with data,no,no,True,True,False,
2026-09-13,KXHIGHNY-26SEP13,KXHIGHNY-26SEP13-T78,less,,78,the_weather_company,9a57d823e964f984,no,79.00,0.0000,79,2026-09-14T06:22:00+00:00,CDUS41 KOKX 140622,first final report with data,no,no,True,True,False,
2026-09-13,KXHIGHNY-26SEP13,KXHIGHNY-26SEP13-T85,greater,85,,the_weather_company,7025da5d22c5386a,no,79.00,0.0000,79,2026-09-14T06:22:00+00:00,CDUS41 KOKX 140622,first final report with data,no,no,True,True,False,
2026-09-14,KXHIGHNY-26SEP14,KXHIGHNY-26SEP14-B74.5,between,74,75,the_weather_company,494f90d8fea35803,yes,75.00,1.0000,75,2026-09-15T06:23:00+00:00,CDUS41 KOKX 150623,first final report with data,yes,yes,True,True,False,
2026-09-14,KXHIGHNY-26SEP14,KXHIGHNY-26SEP14-B76.5,between,76,77,the_weather_company,9cfc5a162d1898bb,no,75.00,0.0000,75,2026-09-15T06:23:00+00:00,CDUS41 KOKX 150623,first final report with data,no,no,True,True,False,
2026-09-14,KXHIGHNY-26SEP14,KXHIGHNY-26SEP14-B78.5,between,78,79,the_weather_company,19ec2b2ccf2b8a67,no,75.00,0.0000,75,2026-09-15T06:23:00+00:00,CDUS41 KOKX 150623,first final report with data,no,no,True,True,False,
2026-09-14,KXHIGHNY-26SEP14,KXHIGHNY-26SEP14-B80.5,between,80,81,the_weather_company,1cfab340b7cb6184,no,75.00,0.0000,75,2026-09-15T06:23:00+00:00,CDUS41 KOKX 150623,first final report with data,no,no,True,True,False,
2026-09-14,KXHIGHNY-26SEP14,KXHIGHNY-26SEP14-T74,less,,74,the_weather_company,5432e5c84a4415fc,no,75.00,0.0000,75,2026-09-15T06:23:00+00:00,CDUS41 KOKX 150623,first final report with data,no,no,True,True,False,
2026-09-14,KXHIGHNY-26SEP14,KXHIGHNY-26SEP14-T81,greater,81,,the_weather_company,28376fbc00d47f68,no,75.00,0.0000,75,2026-09-15T06:23:00+00:00,CDUS41 KOKX 150623,first final report with data,no,no,True,True,False,
2026-09-15,KXHIGHNY-26SEP15,KXHIGHNY-26SEP15-B70.5,between,70,71,the_weather_company,a89a95e24c5cdb23,no,72.00,0.0000,72,2026-09-16T06:20:00+00:00,CDUS41 KOKX 160620,first final report with data,no,no,True,True,False,
2026-09-15,KXHIGHNY-26SEP15,KXHIGHNY-26SEP15-B72.5,between,72,73,the_weather_company,6070bd7cb65e3272,yes,72.00,1.0000,72,2026-09-16T06:20:00+00:00,CDUS41 KOKX 160620,first final report with data,yes,yes,True,True,False,
2026-09-15,KXHIGHNY-26SEP15,KXHIGHNY-26SEP15-B74.5,between,74,75,the_weather_company,9ec657973ce11c8f,no,72.00,0.0000,72,2026-09-16T06:20:00+00:00,CDUS41 KOKX 160620,first final report with data,no,no,True,True,False,
2026-09-15,KXHIGHNY-26SEP15,KXHIGHNY-26SEP15-B76.5,between,76,77,the_weather_company,240f1cbed8d47fc8,no,72.00,0.0000,72,2026-09-16T06:20:00+00:00,CDUS41 KOKX 160620,first final report with data,no,no,True,True,False,
2026-09-15,KXHIGHNY-26SEP15,KXHIGHNY-26SEP15-T70,less,,70,the_weather_company,1f06aa8cf74e5d80,no,72.00,0.0000,72,2026-09-16T06:20:00+00:00,CDUS41 KOKX 160620,first final report with data,no,no,True,True,False,
2026-09-15,KXHIGHNY-26SEP15,KXHIGHNY-26SEP15-T77,greater,77,,the_weather_company,7bd6284aedd57dcf,no,72.00,0.0000,72,2026-09-16T06:20:00+00:00,CDUS41 KOKX 160620,first final report with data,no,no,True,True,False,
2026-09-16,KXHIGHNY-26SEP16,KXHIGHNY-26SEP16-B75.5,between,75,76,the_weather_company,1ef89ba4c989c7ea,no,77.00,0.0000,77,2026-09-17T06:32:00+00:00,CDUS41 KOKX 170632,first final report with data,no,no,True,True,False,
2026-09-16,KXHIGHNY-26SEP16,KXHIGHNY-26SEP16-B77.5,between,77,78,the_weather_company,ef3976bb9a263184,yes,77.00,1.0000,77,2026-09-17T06:32:00+00:00,CDUS41 KOKX 170632,first final report with data,yes,yes,True,True,False,
2026-09-16,KXHIGHNY-26SEP16,KXHIGHNY-26SEP16-B79.5,between,79,80,the_weather_company,da5ea7d98600415b,no,77.00,0.0000,77,2026-09-17T06:32:00+00:00,CDUS41 KOKX 170632,first final report with data,no,no,True,True,False,
2026-09-16,KXHIGHNY-26SEP16,KXHIGHNY-26SEP16-B81.5,between,81,82,the_weather_company,3b9ea6276d14da9f,no,77.00,0.0000,77,2026-09-17T06:32:00+00:00,CDUS41 KOKX 170632,first final report with data,no,no,True,True,False,
2026-09-16,KXHIGHNY-26SEP16,KXHIGHNY-26SEP16-T75,less,,75,the_weather_company,b5acd827700c3f5c,no,77.00,0.0000,77,2026-09-17T06:32:00+00:00,CDUS41 KOKX 170632,first final report with data,no,no,True,True,False,
2026-09-16,KXHIGHNY-26SEP16,KXHIGHNY-26SEP16-T82,greater,82,,the_weather_company,6a1b235a2b70bbe6,no,77.00,0.0000,77,2026-09-17T06:32:00+00:00,CDUS41 KOKX 170632,first final report with data,no,no,True,True,False,
2026-09-17,KXHIGHNY-26SEP17,KXHIGHNY-26SEP17-B80.5,between,80,81,the_weather_company,385a5d581972ccb6,no,82.00,0.0000,82,2026-09-18T06:39:00+00:00,CDUS41 KOKX 180639,first final report with data,no,no,True,True,False,
2026-09-17,KXHIGHNY-26SEP17,KXHIGHNY-26SEP17-B82.5,between,82,83,the_weather_company,980dba1256c878ae,yes,82.00,1.0000,82,2026-09-18T06:39:00+00:00,CDUS41 KOKX 180639,first final report with data,yes,yes,True,True,False,
2026-09-17,KXHIGHNY-26SEP17,KXHIGHNY-26SEP17-B84.5,between,84,85,the_weather_company,32866a129e839484,no,82.00,0.0000,82,2026-09-18T06:39:00+00:00,CDUS41 KOKX 180639,first final report with data,no,no,True,True,False,
2026-09-17,KXHIGHNY-26SEP17,KXHIGHNY-26SEP17-B86.5,between,86,87,the_weather_company,f110fa5c22b32ca1,no,82.00,0.0000,82,2026-09-18T06:39:00+00:00,CDUS41 KOKX 180639,first final report with data,no,no,True,True,False,
2026-09-17,KXHIGHNY-26SEP17,KXHIGHNY-26SEP17-T80,less,,80,the_weather_company,c1b4c06e56cfc2dc,no,82.00,0.0000,82,2026-09-18T06:39:00+00:00,CDUS41 KOKX 180639,first final report with data,no,no,True,True,False,
2026-09-17,KXHIGHNY-26SEP17,KXHIGHNY-26SEP17-T87,greater,87,,the_weather_company,fac66e2ac9753628,no,82.00,0.0000,82,2026-09-18T06:39:00+00:00,CDUS41 KOKX 180639,first final report with data,no,no,True,True,False,
2026-09-18,KXHIGHNY-26SEP18,KXHIGHNY-26SEP18-B80.5,between,80,81,the_weather_company,3aa6ef33777780e5,yes,80.00,1.0000,80,2026-09-19T06:25:00+00:00,CDUS41 KOKX 190625,first final report with data,yes,yes,True,True,False,
2026-09-18,KXHIGHNY-26SEP18,KXHIGHNY-26SEP18-B82.5,between,82,83,the_weather_company,fe848da05f9f967a,no,80.00,0.0000,80,2026-09-19T06:25:00+00:00,CDUS41 KOKX 190625,first final report with data,no,no,True,True,False,
2026-09-18,KXHIGHNY-26SEP18,KXHIGHNY-26SEP18-B84.5,between,84,85,the_weather_company,35195bf9b5f4bb6e,no,80.00,0.0000,80,2026-09-19T06:25:00+00:00,CDUS41 KOKX 190625,first final report with data,no,no,True,True,False,
2026-09-18,KXHIGHNY-26SEP18,KXHIGHNY-26SEP18-B86.5,between,86,87,the_weather_company,553b15df48e7b02b,no,80.00,0.0000,80,2026-09-19T06:25:00+00:00,CDUS41 KOKX 190625,first final report with data,no,no,True,True,False,
2026-09-18,KXHIGHNY-26SEP18,KXHIGHNY-26SEP18-T80,less,,80,the_weather_company,7451cd3fd6b7ca70,no,80.00,0.0000,80,2026-09-19T06:25:00+00:00,CDUS41 KOKX 190625,first final report with data,no,no,True,True,False,
2026-09-18,KXHIGHNY-26SEP18,KXHIGHNY-26SEP18-T87,greater,87,,the_weather_company,4b7c2c3d89e625af,no,80.00,0.0000,80,2026-09-19T06:25:00+00:00,CDUS41 KOKX 190625,first final report with data,no,no,True,True,False,
2026-09-19,KXHIGHNY-26SEP19,KXHIGHNY-26SEP19-B69.5,between,69,70,the_weather_company,6cfe5cdfda07ed0f,yes,69.00,1.0000,69,2026-09-20T06:31:00+00:00,CDUS41 KOKX 200631,first final report with data,yes,yes,True,True,False,
2026-09-19,KXHIGHNY-26SEP19,KXHIGHNY-26SEP19-B71.5,between,71,72,the_weather_company,ee36b87d69b88626,no,69.00,0.0000,69,2026-09-20T06:31:00+00:00,CDUS41 KOKX 200631,first final report with data,no,no,True,True,False,
2026-09-19,KXHIGHNY-26SEP19,KXHIGHNY-26SEP19-B73.5,between,73,74,the_weather_company,7765231774ba53f4,no,69.00,0.0000,69,2026-09-20T06:31:00+00:00,CDUS41 KOKX 200631,first final report with data,no,no,True,True,False,
2026-09-19,KXHIGHNY-26SEP19,KXHIGHNY-26SEP19-B75.5,between,75,76,the_weather_company,6956fe83ca730f9a,no,69.00,0.0000,69,2026-09-20T06:31:00+00:00,CDUS41 KOKX 200631,first final report with data,no,no,True,True,False,
2026-09-19,KXHIGHNY-26SEP19,KXHIGHNY-26SEP19-T69,less,,69,the_weather_company,eb43a8873f7cc410,no,69.00,0.0000,69,2026-09-20T06:31:00+00:00,CDUS41 KOKX 200631,first final report with data,no,no,True,True,False,
2026-09-19,KXHIGHNY-26SEP19,KXHIGHNY-26SEP19-T76,greater,76,,the_weather_company,21821c710953977f,no,69.00,0.0000,69,2026-09-20T06:31:00+00:00,CDUS41 KOKX 200631,first final report with data,no,no,True,True,False,
2026-09-20,KXHIGHNY-26SEP20,KXHIGHNY-26SEP20-B71.5,between,71,72,the_weather_company,36e6e476f5c88082,no,69.00,0.0000,69,2026-09-21T06:34:00+00:00,CDUS41 KOKX 210634,first final report with data,no,no,True,True,False,
2026-09-20,KXHIGHNY-26SEP20,KXHIGHNY-26SEP20-B73.5,between,73,74,the_weather_company,1f82511aaaf98e2a,no,69.00,0.0000,69,2026-09-21T06:34:00+00:00,CDUS41 KOKX 210634,first final report with data,no,no,True,True,False,
2026-09-20,KXHIGHNY-26SEP20,KXHIGHNY-26SEP20-B75.5,between,75,76,the_weather_company,e51ad407eb395401,no,69.00,0.0000,69,2026-09-21T06:34:00+00:00,CDUS41 KOKX 210634,first final report with data,no,no,True,True,False,
2026-09-20,KXHIGHNY-26SEP20,KXHIGHNY-26SEP20-B77.5,between,77,78,the_weather_company,f0b636825db7412f,no,69.00,0.0000,69,2026-09-21T06:34:00+00:00,CDUS41 KOKX 210634,first final report with data,no,no,True,True,False,
2026-09-20,KXHIGHNY-26SEP20,KXHIGHNY-26SEP20-T71,less,,71,the_weather_company,e11051b00b3127e6,yes,69.00,1.0000,69,2026-09-21T06:34:00+00:00,CDUS41 KOKX 210634,first final report with data,yes,yes,True,True,False,
2026-09-20,KXHIGHNY-26SEP20,KXHIGHNY-26SEP20-T78,greater,78,,the_weather_company,c91ab12d47c209dc,no,69.00,0.0000,69,2026-09-21T06:34:00+00:00,CDUS41 KOKX 210634,first final report with data,no,no,True,True,False,
2026-09-21,KXHIGHNY-26SEP21,KXHIGHNY-26SEP21-B66.5,between,66,67,the_weather_company,c34652fe48a796a2,no,72.00,0.0000,72,2026-09-22T06:20:00+00:00,CDUS41 KOKX 220620,first final report with data,no,no,True,True,False,
2026-09-21,KXHIGHNY-26SEP21,KXHIGHNY-26SEP21-B68.5,between,68,69,the_weather_company,6bd3227c61c695ab,no,72.00,0.0000,72,2026-09-22T06:20:00+00:00,CDUS41 KOKX 220620,first final report with data,no,no,True,True,False,
2026-09-21,KXHIGHNY-26SEP21,KXHIGHNY-26SEP21-B70.5,between,70,71,the_weather_company,c4c833acf21b94e3,no,72.00,0.0000,72,2026-09-22T06:20:00+00:00,CDUS41 KOKX 220620,first final report with data,no,no,True,True,False,
2026-09-21,KXHIGHNY-26SEP21,KXHIGHNY-26SEP21-B72.5,between,72,73,the_weather_company,c46a677efcb5b56e,yes,72.00,1.0000,72,2026-09-22T06:20:00+00:00,CDUS41 KOKX 220620,first final report with data,yes,yes,True,True,False,
2026-09-21,KXHIGHNY-26SEP21,KXHIGHNY-26SEP21-T66,less,,66,the_weather_company,9aa1ced7b749b034,no,72.00,0.0000,72,2026-09-22T06:20:00+00:00,CDUS41 KOKX 220620,first final report with data,no,no,True,True,False,
2026-09-21,KXHIGHNY-26SEP21,KXHIGHNY-26SEP21-T73,greater,73,,the_weather_company,0958b41e88328efa,no,72.00,0.0000,72,2026-09-22T06:20:00+00:00,CDUS41 KOKX 220620,first final report with data,no,no,True,True,False,
